geoid,safmr_median,n_zips
72005,620.0,5
72071,595.0,2
72013,570.0,8
72091,610.0,3
72023,550.0,3
72097,565.0,6
72113,595.0,12
72137,680.0,7
72135,710.0,6
72153,535.0,2
72145,610.0,5
72131,530.0,2
72125,520.0,1
72075,575.0,4
72119,630.0,3
72025,640.0,7
72031,740.0,15
72029,635.0,4
72053,600.0,4
72035,540.0,3
72041,610.0,1
72069,610.0,3
72127,660.0,37
72057,515.0,2
72061,740.0,13
72021,720.0,15
72139,735.0,8
23005,1965.0,48
34023,2160.0,54
34017,2190.0,19
34013,2205.0,38
34027,2560.0,62
34031,1980.0,43
34003,2290.0,73
34039,2220.0,37
34035,2320.0,34
34025,2050.0,59
34029,2010.0,35
34007,1740.0,39
34005,1970.0,40
34015,1970.0,30
34001,1855.0,32
36119,2860.0,83
36087,2640.0,28
36071,1950.0,57
36059,2690.0,81
36103,2620.0,108
36027,1940.0,33
36067,1350.0,64
36029,1130.0,73
36055,1450.0,55
42007,1090.0,31
42003,1300.0,127
42125,1155.0,64
42129,1120.0,91
42041,1230.0,23
42043,1230.0,35
42133,1300.0,47
42071,1390.0,64
42011,1360.0,65
42029,1935.0,52
42079,1130.0,49
42095,1485.0,30
42077,1500.0,37
42017,1900.0,67
42091,1990.0,85
42045,1790.0,47
10003,1790.0,34
51107,2515.0,28
51153,2300.0,25
51059,2550.0,64
24033,2030.0,59
24027,2490.0,28
24031,2360.0,71
24003,2480.0,44
24021,1750.0,35
24025,1905.0,24
24005,1910.0,61
51013,2735.0,18
51087,1770.0,21
51041,1940.0,16
37183,1820.0,55
37119,1940.0,60
37179,1690.0,13
37051,1170.0,26
45079,1340.0,32
45063,1160.0,20
45015,1470.0,19
45083,1190.0,37
45045,1325.0,36
45019,1860.0,40
45051,1410.0,21
13089,1840.0,52
13135,1990.0,38
13057,1980.0,20
13121,1940.0,66
13067,1910.0,32
13063,1560.0,20
13151,1740.0,11
13059,1200.0,11
13245,1180.0,13
13215,1130.0,16
12019,1695.0,14
12109,2080.0,15
12031,1700.0,47
12069,1710.0,37
12127,1720.0,45
12083,1320.0,38
12033,1560.0,23
12117,2000.0,27
12095,1980.0,76
12009,1640.0,43
12097,1970.0,22
12086,2330.0,115
12011,2390.0,84
12099,2190.0,74
12057,2030.0,84
12053,1640.0,17
12101,1860.0,39
12105,1340.0,55
12081,1750.0,28
12103,1980.0,69
12071,1860.0,49
12021,1950.0,23
12115,1960.0,36
01073,1170.0,77
01117,1410.0,23
01097,1090.0,48
47037,1880.0,44
47093,1600.0,39
47157,1360.0,60
21111,1350.0,57
39041,1500.0,25
39049,1430.0,54
39035,1270.0,56
39085,1230.0,14
39153,1130.0,48
39151,980.0,47
39061,1240.0,62
39017,1340.0,23
39165,1400.0,24
39113,1060.0,48
39025,1140.0,22
18057,1500.0,30
18097,1240.0,52
18089,1190.0,32
26099,1380.0,44
26125,1540.0,91
26163,1300.0,81
26161,1495.0,32
26049,1010.0,38
26081,1380.0,49
19153,1200.0,48
55133,1460.0,40
55079,1220.0,40
55025,1410.0,51
27163,1750.0,21
27003,1650.0,21
27037,1705.0,26
27123,1580.0,26
27053,1730.0,75
27137,1020.0,51
17097,1970.0,38
17031,1735.0,202
17111,1705.0,26
17089,1850.0,40
17043,2045.0,48
17197,1670.0,49
17119,1090.0,36
17163,1160.0,35
29189,1290.0,52
29099,1090.0,25
29183,1380.0,17
20091,1520.0,42
22051,1420.0,33
22109,1085.0,14
22103,1515.0,20
40143,1190.0,62
48113,1800.0,133
48439,1710.0,93
48491,2000.0,34
48453,1990.0,82
48201,1500.0,227
48157,1630.0,36
48339,1660.0,31
48039,1255.0,24
48029,1490.0,100
48215,970.0,30
08059,2120.0,40
08001,2010.0,42
08005,2130.0,44
08123,1580.0,48
08041,1780.0,61
49049,1360.0,28
49035,1750.0,51
49011,1660.0,17
04013,1960.0,191
04021,1710.0,37
04019,1460.0,63
32003,1750.0,104
06037,2630.0,438
06111,2570.0,49
06059,2900.0,141
06071,2230.0,113
06065,2400.0,101
06073,2880.0,166
06083,2700.0,39
06029,1380.0,63
06053,2980.0,37
06019,1510.0,88
06079,2160.0,35
06081,3555.0,38
06085,3450.0,104
06001,2680.0,66
06013,2730.0,53
06097,2240.0,50
06099,1570.0,32
06067,2160.0,67
06041,3200.0,39
06077,1740.0,43
15003,2690.0,54
15007,2140.0,13
15001,2000.0,29
15009,2310.0,18
41047,1630.0,28
41005,1930.0,40
41067,2060.0,35
41051,1950.0,58
53033,2730.0,110
53053,2060.0,70
53061,2470.0,42
53035,2060.0,25
53067,1820.0,19
53011,1980.0,24
53063,1430.0,52
2500182525,2470.0,5
0917035650,1950.0,7
0912074190,2130.0,4
0912026620,2785.0,4
3401306260,2220.0,7
3402756460,2480.0,9
3401334450,1795.0,6
3403974480,2530.0,5
3401752470,2235.0,2
3402359010,2190.0,6
3402320230,2180.0,10
3403177840,1970.0,4
3402545990,2050.0,11
3402907420,2105.0,8
3400712280,2230.0,6
3402129310,1870.0,11
3402122185,2305.0,6
3600776056,1190.0,5
3602902000,1390.0,8
4200359032,1385.0,6
4204345056,1525.0,6
4209100156,1845.0,6
4209144976,2410.0,12
4204533144,2080.0,7
4204579000,1640.0,7
4201705616,2020.0,3
2616313120,1480.0,4
2616367625,1610.0,2
2612584240,1555.0,10
2513660,1500.0,24
2567000,1530.0,79
2546330,1805.0,20
2530840,1390.0,13
2576030,1440.0,10
2553960,1630.0,13
2523875,1570.0,16
2535075,1740.0,14
2582000,1870.0,89
2524960,2570.0,23
2572600,2935.0,30
2534550,1740.0,31
2537000,2100.0,44
2529405,1930.0,21
2539835,2960.0,19
2501640,2800.0,19
2537490,2550.0,45
2552490,2550.0,21
2556585,2550.0,22
2559105,2550.0,19
2526150,2550.0,12
2507000,2940.0,343
2521990,2550.0,16
2509210,3710.0,29
2562535,3100.0,46
2511000,3710.0,58
2537875,2740.0,22
2555745,2670.0,36
2578972,2550.0,22
2509000,2020.0,28
2569170,2250.0,18
2554275,2550.0,3
2545560,3320.0,55
2503690,2630.0,35
2502690,1800.0,12
2523000,1530.0,41
2545000,1390.0,49
4474300,1730.0,30
4419180,1680.0,31
4422960,1720.0,16
4454640,1530.0,27
4459000,1600.0,84
4480780,1530.0,13
3350260,2110.0,23
3345140,1910.0,48
3362900,2150.0,10
3318820,1820.0,13
3365140,1810.0,21
2304860,1760.0,8
2360545,2040.0,38
2302060,1250.0,15
2338740,1250.0,20
2302795,1390.0,10
5010675,2040.0,15
3481950,2470.0,19
3436000,2070.0,104
3403580,2070.0,19
3451000,1810.0,129
3419390,1920.0,30
3456550,1640.0,24
3413690,2030.0,40
3457000,1770.0,78
3432250,3450.0,16
3421000,1880.0,49
3474630,2070.0,20
3458200,2050.0,17
3424930,1730.0,2
3401960,2000.0,7
3441310,1970.0,11
3454690,2050.0,14
3426820,1910.0,4
3410000,1560.0,33
3402080,1510.0,17
3454360,1810.0,6
3407600,1590.0,7
3446680,1560.0,8
3476070,1555.0,26
3473110,1910.0,28
3438580,1700.0,15
3460900,2690.0,11
3474000,1840.0,51
3465790,2050.0,19
3451210,2050.0,14
3651000,2490.0,3158
3649121,2410.0,33
3684000,2510.0,90
3681677,3090.0,33
3650617,2570.0,32
3639853,2120.0,8
3647042,2000.0,13
3603408,2850.0,4
3637869,2600.0,8
3609000,2360.0,7
3636233,2740.0,12
3665255,1970.0,12
3601000,1500.0,62
3675484,1440.0,19
3617332,1630.0,3
3665508,1360.0,39
3639727,1780.0,10
3650034,1750.0,9
3659641,1650.0,14
3603078,1080.0,7
3673000,1275.0,104
3663418,1180.0,19
3676540,1180.0,32
3678608,1230.0,7
3606607,1190.0,22
3615000,1130.0,43
3621105,990.0,4
3631643,1290.0,5
3674166,1210.0,5
3611000,1110.0,173
3651055,1050.0,30
3663000,1370.0,150
3637737,1370.0,20
3630279,1470.0,5
3638264,930.0,10
3638077,1780.0,18
3624229,1160.0,17
4261000,1495.0,232
4246256,1050.0,12
4238288,910.0,14
4269720,910.0,9
4224000,1050.0,69
4202184,1045.0,20
4249552,940.0,5
4273808,1560.0,16
4211272,1220.0,5
4242168,1220.0,9
4232800,1230.0,27
4212536,1280.0,6
4287048,1290.0,27
4241216,1420.0,39
4285312,1150.0,11
4207128,1110.0,4
4206088,1580.0,30
4202000,1465.0,44
4233408,1290.0,13
4285152,1110.0,36
4269000,1130.0,40
4205888,960.0,2
4208760,1420.0,3
4213208,1370.0,15
4260000,1610.0,648
4254656,1830.0,13
4263624,1280.0,48
1077580,1610.0,35
1021200,1520.0,30
2408775,2900.0,31
2431175,2360.0,45
2401600,2470.0,21
2404000,1750.0,315
2421325,970.0,10
2430325,1820.0,33
2436075,1200.0,30
2469925,1490.0,37
5101000,2530.0,70
5129744,1740.0,14
5186720,1650.0,7
5135624,1570.0,20
5114968,1720.0,24
5183680,1230.0,6
5167000,1680.0,118
5116000,2030.0,81
5182000,1960.0,162
5176432,1580.0,51
5164000,1550.0,43
5157000,1590.0,108
5156000,1590.0,68
5135000,1540.0,62
5161832,1380.0,16
5118448,1560.0,5
5138424,1430.0,7
5168000,1090.0,67
5116608,1170.0,25
5107784,1320.0,14
5165392,1140.0,5
5109816,1100.0,10
5175216,1300.0,10
5147672,1230.0,42
5121344,920.0,18
5414600,1060.0,83
5452060,1190.0,18
5439460,990.0,85
5405332,960.0,23
5486452,1020.0,35
5485156,880.0,8
5462140,930.0,39
5483500,980.0,13
5455756,1110.0,44
3775000,1200.0,148
3709060,1180.0,54
3728000,1200.0,196
3731400,1180.0,71
3719000,1860.0,144
3710740,2040.0,94
3711800,1980.0,44
3755000,1790.0,243
3726880,1110.0,46
3757500,1140.0,37
3728080,1110.0,73
3725580,1400.0,81
3735200,1460.0,36
3758860,1310.0,30
3714100,1655.0,52
3744220,1600.0,32
3712000,2020.0,419
3722920,1220.0,113
3774440,1580.0,63
3734200,1150.0,37
3746340,1290.0,24
3731060,1120.0,41
3737760,1030.0,20
3744400,1520.0,19
3702140,1600.0,72
4570405,1220.0,51
4516000,1340.0,125
4525810,1170.0,33
4568290,1230.0,45
4513330,2080.0,73
4570270,1790.0,43
4530850,1500.0,81
4501360,1010.0,30
4561405,1610.0,38
4500550,1180.0,26
4534045,1950.0,17
1367284,2220.0,48
1342425,2340.0,42
1349756,2010.0,62
1304000,1990.0,344
1368516,2350.0,58
1366668,1190.0,32
1372122,1650.0,91
1310944,2360.0,35
1331908,1445.0,50
1321380,1100.0,31
1380508,1370.0,64
1349008,1170.0,94
1338964,1290.0,17
1369000,1560.0,117
1311560,1170.0,9
1378800,1210.0,40
1301052,1035.0,44
1225175,1490.0,94
1254200,1740.0,30
1216525,1650.0,56
1258575,1760.0,31
1270600,1380.0,120
1254700,1590.0,39
1254725,1720.0,16
1255925,1550.0,48
1215475,1440.0,12
1224475,1490.0,23
1253000,1950.0,176
1217200,1840.0,49
1263650,1800.0,32
1271900,1430.0,28
1236950,1880.0,28
1243975,1670.0,53
1254000,1670.0,47
1213150,1470.0,17
1264825,1730.0,17
1230000,2190.0,85
1232000,2270.0,60
1224000,2330.0,124
1245060,2240.0,54
1255775,2770.0,50
1245975,2370.0,29
1216475,2810.0,53
1232275,2100.0,45
1249450,2120.0,38
1258050,2320.0,44
1214400,2730.0,33
1216725,2380.0,32
1270675,2390.0,27
1245000,2330.0,241
1245025,2960.0,37
1239550,2180.0,20
1257425,2510.0,34
1269700,2805.0,30
1276600,2115.0,56
1254075,2650.0,36
1235875,2430.0,25
1275812,2790.0,19
1207875,2410.0,52
1207300,2750.0,53
1217100,2240.0,33
1271000,2030.0,197
1263000,2090.0,161
1256975,1970.0,43
1212875,1930.0,73
1239425,1880.0,74
1238250,1340.0,75
1224125,1820.0,49
1210275,1950.0,79
1207950,1670.0,47
1264175,1970.0,45
1250750,1310.0,63
1262625,1915.0,20
1224300,1420.0,39
1258715,1955.0,56
0107000,1170.0,257
0105980,1130.0,48
0177256,1105.0,102
0137000,1300.0,172
0120104,950.0,39
0126896,970.0,27
0128696,930.0,42
0151000,1040.0,125
0101852,990.0,39
0121184,880.0,63
0150000,1090.0,156
0157048,1080.0,34
0103076,1170.0,54
4715160,1240.0,55
4769420,1800.0,38
4751560,1870.0,70
4728540,1540.0,26
4770580,2220.0,30
4727740,2440.0,38
4715400,1240.0,42
4714000,1520.0,121
4738320,1200.0,72
4739560,1050.0,66
4708540,1040.0,25
4755120,1390.0,31
4740000,1600.0,161
4750280,1080.0,32
4748000,1360.0,347
4737640,1140.0,48
2836000,1200.0,125
2831020,1065.0,40
2829700,1130.0,50
2806220,1100.0,37
2849240,1080.0,19
2855360,1020.0,17
2124274,1140.0,26
2146027,1200.0,152
2117848,1190.0,43
2102368,980.0,18
2158836,1035.0,26
2108902,1120.0,44
2137918,1130.0,26
2135866,970.0,27
2158620,1150.0,28
3918000,1415.0,456
3954040,1180.0,27
3974118,1100.0,56
3941720,1180.0,20
3907972,1030.0,14
3977000,1030.0,182
3970380,1010.0,17
3974608,940.0,24
3925256,1070.0,28
3944856,1080.0,37
3949056,1340.0,13
3916000,1050.0,247
3961000,1270.0,35
3941664,1250.0,20
3916014,1370.0,30
3923380,1010.0,18
3925704,1190.0,27
3901420,940.0,19
3903828,1010.0,21
3901000,1070.0,155
3919778,1130.0,36
3939872,1120.0,15
3988000,890.0,63
3980892,880.0,38
3948244,960.0,35
3912000,970.0,94
3947138,965.0,68
3949840,1195.0,34
3933012,1220.0,33
3915000,1130.0,234
3940040,1080.0,50
3921000,1010.0,125
3925914,1110.0,25
3947628,900.0,14
3943554,990.0,37
1851876,1000.0,49
1801468,1100.0,49
1840788,1150.0,50
1840392,990.0,30
1829898,1510.0,30
1814734,1220.0,39
1819486,930.0,15
1831000,1190.0,29
1842246,1020.0,16
1848798,1020.0,16
1827000,1100.0,52
1820728,1070.0,42
1828386,1090.0,25
1849932,1070.0,35
1871000,1100.0,92
1825000,1200.0,170
1838358,1350.0,29
1852326,1270.0,22
1805860,1205.0,52
1822000,1070.0,93
1875428,1010.0,47
1882862,1160.0,19
2670040,1530.0,24
2627440,1820.0,41
2674900,1550.0,34
2670760,1400.0,32
2665820,1170.0,11
2669800,1400.0,21
2676460,1400.0,41
2684000,1330.0,55
2621000,1520.0,32
2621020,1420.0,18
2679000,1170.0,24
2622000,1170.0,404
2686000,1360.0,25
2647800,1190.0,11
2649000,1550.0,44
2655020,1180.0,9
2665440,1220.0,29
2629000,960.0,64
2670520,1030.0,35
2606020,940.0,16
2653780,1140.0,29
2624120,1270.0,36
2646000,1120.0,96
2642160,1140.0,51
2665560,1140.0,19
2605920,1060.0,40
2607520,1010.0,12
2657760,1090.0,9
2641420,1110.0,30
2616480,1205.0,2
2634000,1450.0,97
2688940,1380.0,32
2638640,1310.0,14
2656320,1160.0,22
2659140,1190.0,11
2656360,1220.0,4
2680340,1260.0,13
1921000,1160.0,123
1901855,1050.0,32
1983910,1210.0,41
1982425,970.0,63
1911755,1100.0,25
1973335,1050.0,74
1916860,1100.0,32
1922395,980.0,39
1912000,990.0,102
1938595,1130.0,43
1919000,1020.0,77
5526275,1020.0,25
5553000,1140.0,332
5572975,1010.0,22
5539225,1410.0,75
5566000,1150.0,47
5584675,1370.0,27
5585300,1220.0,27
5537825,1150.0,29
5548000,1495.0,146
5506500,1120.0,16
5502375,1070.0,50
5531000,1120.0,49
5584475,1040.0,22
5540775,1180.0,31
5522300,1090.0,43
5578650,1050.0,14
5560500,1040.0,28
5555750,1170.0,17
2771428,2180.0,22
2758000,1470.0,137
2751730,2070.0,27
2756896,1250.0,41
2718116,2270.0,20
2743000,1630.0,200
2706616,1880.0,30
2717000,1150.0,64
2754880,1360.0,63
2739878,1170.0,34
2743864,1040.0,23
4659020,1035.0,94
4652980,1120.0,43
3825700,940.0,59
3832060,1040.0,29
3807200,1000.0,25
3853380,970.0,39
3006550,1240.0,59
3008950,1735.0,34
3032800,1095.0,48
3050200,1270.0,46
1779293,1610.0,57
1702154,1900.0,51
1757225,1900.0,39
1751089,1870.0,39
1719642,1840.0,39
1768003,2050.0,78
1714000,1670.0,1127
1735411,2080.0,61
1770122,1910.0,27
1724582,2370.0,22
1723074,1850.0,74
1719161,1310.0,20
1754885,1800.0,21
1751622,2250.0,72
1705573,1600.0,12
1714351,1460.0,17
1738570,1660.0,116
1703012,1990.0,93
1738934,1140.0,22
1762783,965.0,14
1765000,1150.0,110
1765078,990.0,25
1749867,1010.0,38
1759000,1030.0,100
1758447,920.0,32
1706613,1030.0,70
1753234,1010.0,31
1718823,1000.0,74
1777005,1050.0,34
1712385,1170.0,59
1718563,1010.0,28
1772000,1100.0,99
2924778,1335.0,38
2965000,1140.0,202
2954074,1370.0,56
2911242,990.0,30
2938000,1350.0,376
2906652,1390.0,39
2935000,1210.0,87
2941348,1430.0,63
2964550,1080.0,70
2937592,1055.0,46
2915670,1000.0,50
2937000,900.0,28
2970000,980.0,127
2039000,1140.0,23
2038900,1140.0,47
2036000,1200.0,94
2053775,1700.0,103
2071000,1010.0,104
2064500,1460.0,45
2044250,1010.0,22
2079000,1000.0,267
3128000,1160.0,182
3103950,1360.0,35
3137000,1260.0,281
3119595,1130.0,37
2239475,1380.0,27
2255000,1510.0,266
2275425,1140.0,7
2232755,1150.0,35
2270805,1500.0,29
2240735,1070.0,84
2241155,1070.0,47
2205000,1200.0,143
2270000,980.0,129
2208920,1170.0,37
2251410,1030.0,39
2200975,990.0,42
0555310,880.0,40
0568810,1030.0,22
0533400,1040.0,37
0541000,1070.0,125
0534750,990.0,16
0515190,1000.0,27
0550450,1050.0,45
0574540,1170.0,23
0535710,950.0,51
0523290,1110.0,61
0566080,1100.0,57
0560410,1185.0,52
0505320,1220.0,48
0524550,910.0,52
4023200,1380.0,51
4055000,1190.0,491
4048350,1160.0,51
4049200,1240.0,43
4052500,1200.0,60
4041850,950.0,51
4023950,980.0,42
4075000,1180.0,297
4066800,990.0,33
4813024,1950.0,71
4819000,1800.0,683
4801924,2440.0,30
4858016,2200.0,105
4845744,2580.0,76
4842508,2010.0,66
4867496,1310.0,35
4837000,1750.0,111
4819900,1250.0,21
4826232,2740.0,57
4827684,2580.0,72
4863572,2390.0,31
4829000,1810.0,111
4847892,1800.0,76
4830464,1780.0,85
4804000,1770.0,161
4827000,1695.0,384
4819972,1930.0,86
4820092,1890.0,27
4872368,1050.0,26
4843888,1190.0,58
4846776,1200.0,20
4874144,1350.0,84
4879000,1090.0,65
4872176,1225.0,54
4839148,1220.0,73
4876000,1340.0,97
4857176,2070.0,47
4864472,1280.0,60
4835000,1570.0,1545
4856000,1370.0,73
4848804,1960.0,51
4856348,1590.0,63
4816432,1500.0,67
4872392,1380.0,32
4841980,1880.0,54
4806128,1470.0,41
4828068,1510.0,35
4854132,1100.0,20
4858820,1115.0,50
4807000,1120.0,62
4810912,1260.0,52
4815976,1220.0,46
4875428,1360.0,41
4865000,1500.0,639
4841464,1150.0,91
4850820,1640.0,50
4865600,1540.0,32
4817000,1380.0,172
4845384,1060.0,92
4848768,1010.0,51
4857200,1020.0,31
4822660,990.0,46
4810768,940.0,87
4865036,930.0,20
4832372,950.0,52
4805000,2050.0,439
4839952,1950.0,20
4863500,2075.0,80
4821892,930.0,12
4803000,1200.0,107
4845000,1180.0,150
4848072,1850.0,71
4801000,1200.0,77
4853388,1655.0,68
4824000,1190.0,234
0803455,2010.0,76
0883835,2290.0,63
0804000,2050.0,164
0820000,2180.0,303
0809280,2290.0,29
0816495,2000.0,38
0877290,2290.0,73
0807850,2140.0,62
0845970,2030.0,43
0843000,2000.0,89
0812415,2380.0,33
0816000,1750.0,237
0846465,1730.0,41
0827425,1610.0,75
0832155,1565.0,60
0862000,1200.0,65
0831660,1320.0,55
5613900,1120.0,48
1664090,1090.0,35
1639700,1260.0,40
1682810,1250.0,20
1646540,1170.0,11
1612250,1725.0,30
1656260,1760.0,44
1608830,1940.0,134
1652120,2170.0,58
1616750,1450.0,28
4944320,1760.0,38
4920810,1840.0,13
4970850,2110.0,32
4982950,1970.0,57
4913850,1600.0,28
4943660,1600.0,54
4967440,2080.0,55
4957300,1340.0,51
4983470,1710.0,55
4967000,1740.0,122
4962470,1290.0,59
4975360,1710.0,31
4955980,1390.0,51
4945860,1125.0,34
4965330,1520.0,43
0455000,1870.0,614
0465000,2620.0,113
0427820,1900.0,110
0454050,2060.0,99
0473000,2140.0,64
0446000,1930.0,205
0410530,1690.0,29
0444270,1890.0,43
0404720,2150.0,39
0428380,2300.0,40
0427400,2480.0,102
0412000,2390.0,96
0457450,1690.0,41
0471510,2260.0,67
0485540,1380.0,46
0477000,1370.0,252
0420050,970.0,10
0466820,1345.0,26
0423620,2050.0,44
0457380,1735.0,42
3563460,1570.0,46
3502000,1300.0,253
3525800,1100.0,27
3570500,1620.0,59
3539380,1040.0,67
3231900,2060.0,116
3240000,1750.0,225
3251800,1760.0,97
3260600,1680.0,147
3268400,2000.0,67
3209700,1460.0,24
0644000,2630.0,1792
0648816,2340.0,22
0648914,2290.0,23
0600884,2510.0,33
0656000,2980.0,79
0636546,2340.0,51
0632548,2340.0,43
0670000,3310.0,40
0636056,2290.0,15
0615044,2290.0,45
0644574,2290.0,21
0611530,2560.0,30
0619766,2490.0,42
0656924,2500.0,19
0652526,2450.0,26
0628168,2310.0,22
0680000,3000.0,50
0660018,3130.0,18
0673080,2290.0,23
0678582,3130.0,46
0655618,2300.0,13
0685292,2540.0,55
0608786,2730.0,39
0602000,2520.0,156
0628000,2520.0,79
0639892,3370.0,29
0629000,2510.0,97
0639290,2510.0,26
0662896,2290.0,25
0604982,2380.0,22
0643000,2400.0,158
0636000,2900.0,67
0669088,3110.0,101
0622230,2290.0,43
0630000,2920.0,78
0608954,2910.0,45
0672016,3100.0,43
0655156,2290.0,61
0640130,2290.0,64
0659451,3290.0,55
0630014,2940.0,24
0603666,2290.0,24
0684200,2860.0,49
0613210,2690.0,31
0613214,3460.0,19
0658072,2290.0,53
0653896,2710.0,52
0681344,2770.0,24
0624680,2310.0,74
0665000,1940.0,139
0637692,2240.0,37
0613392,2660.0,93
0666000,2930.0,536
0650398,2150.0,26
0640004,2800.0,28
0621712,2440.0,51
0653322,2920.0,71
0682996,2680.0,55
0622678,3520.0,44
0611194,3520.0,45
0668196,2700.0,45
0670224,2700.0,28
0622804,2570.0,62
0678120,3120.0,42
0636448,1910.0,43
0612048,2160.0,32
0655254,2220.0,39
0649270,2580.0,69
0621782,1330.0,16
0682590,2130.0,53
0602364,1810.0,29
0662000,2480.0,134
0660466,2190.0,51
0633434,1890.0,34
0616350,2810.0,65
0656700,2590.0,37
0646842,3150.0,44
0633182,1990.0,59
0636770,3530.0,74
0653980,2830.0,81
0680854,2720.0,44
0669000,2510.0,121
0616532,3120.0,49
0639248,3360.0,25
0639496,3090.0,26
0648256,3260.0,46
0651182,4080.0,43
0665084,2900.0,23
0600947,3420.0,16
0625380,3110.0,27
0684550,2510.0,45
0659587,3250.0,21
0665042,2570.0,48
0654652,2200.0,65
0610046,2710.0,23
0669070,3180.0,64
0630378,3030.0,19
0642524,2700.0,18
0603526,1380.0,186
0680644,1490.0,20
0618394,1250.0,20
0682954,1490.0,50
0631960,1400.0,16
0658240,1390.0,28
0669196,2700.0,40
0627000,1480.0,255
0646898,1460.0,39
0614218,2260.0,54
0645022,1415.0,24
0664224,2980.0,51
0648872,3560.0,19
0670742,3140.0,12
0668252,3980.0,42
0673262,3110.0,22
0617918,3110.0,27
0667000,3030.0,385
0617610,4280.0,37
0655282,3780.0,50
0649670,3730.0,49
0677000,3900.0,73
0660102,3410.0,35
0669112,4810.0,36
0669084,3800.0,48
0647766,3500.0,28
0668000,3360.0,406
0600562,2720.0,16
0623182,2550.0,41
0681666,2540.0,45
0650258,2800.0,44
0641992,2890.0,33
0683346,3070.0,38
0602252,2420.0,32
0657456,2340.0,22
0670098,2190.0,91
0616000,2710.0,59
0681554,2430.0,41
0626000,3260.0,61
0657792,3510.0,35
0633000,2480.0,66
0681204,2860.0,26
0648354,1630.0,99
0653000,2340.0,203
0668084,2420.0,26
0606000,2490.0,80
0656784,2760.0,26
0683668,3650.0,25
0629504,2820.0,21
0675000,1530.0,128
0642202,1740.0,41
0680812,1570.0,33
0684816,1840.0,20
0613588,2250.0,38
0664000,2030.0,235
0618100,2500.0,30
0622020,2490.0,48
0662938,2620.0,45
0641474,2800.0,25
0662364,2730.0,30
0659444,2200.0,30
0686328,1790.0,17
0655520,1330.0,13
0613014,1480.0,40
0686972,1580.0,20
0659920,1540.0,51
4105350,2070.0,88
4134100,2190.0,59
4159000,2010.0,351
4131250,1890.0,52
4164900,1540.0,77
4101000,1470.0,26
4115800,1600.0,28
4123850,1530.0,76
4169600,1370.0,24
4130550,1320.0,20
4147000,1450.0,47
4103050,1560.0,15
4105800,1780.0,43
4161200,1470.0,7
5303180,2410.0,41
5323515,2420.0,45
5335415,2420.0,83
5305210,3160.0,72
5370000,1940.0,121
5322640,2390.0,64
5363000,2780.0,328
5343955,2390.0,37
5301990,1790.0,10
5305280,1620.0,37
5347560,1730.0,18
5307695,1900.0,25
5338038,1790.0,33
5351300,1770.0,35
5336745,1820.0,27
5374060,1860.0,110
5340245,1360.0,18
5377105,1440.0,15
5380010,1480.0,50
5367000,1420.0,137
5353545,1460.0,25
5358235,1730.0,26
5375775,1540.0,15
5335275,1690.0,25
0203000,1660.0,92
