Jurisdiction,State,lat,lon,Outcome,CDBG ($),Adjustment ($),Net homes added
Anniston,AL,33.673469,-85.810891,Exempt — recent disaster,519183,0,-329.0
Auburn,AL,32.607806,-85.494746,Exempt — recent disaster,702799,0,1485.0
Bessemer,AL,33.370858,-86.971522,Exempt — recent disaster,638197,0,215.0
Birmingham,AL,33.527174,-86.797036,Exempt — recent disaster,5733710,0,446.0
Decatur,AL,34.572995,-86.989901,Exempt — recent disaster,424836,0,-187.0
Dothan,AL,31.233698,-85.406823,Exempt — recent disaster,537195,0,163.0
Florence,AL,34.82981,-87.662202,Exempt — recent disaster,321351,0,373.0
Gadsden,AL,34.006597,-86.016078,Exempt — recent disaster,900286,0,135.0
Huntsville,AL,34.69772,-86.67667,Exempt — recent disaster,1400900,0,1796.0
Jefferson County,AL,33.553444,-86.896536,Exempt — recent disaster,2114163,0,230.0
Mobile,AL,30.668246,-88.107853,Exempt — recent disaster,2336237,0,7636.0
Mobile County,AL,30.684572,-88.196568,Exempt — recent disaster,1608060,0,-6946.0
Montgomery,AL,32.348503,-86.267307,Exempt — recent disaster,1766448,0,423.0
Opelika,AL,32.660739,-85.37889,Exempt — recent disaster,305551,0,631.0
Shelby County,AL,33.266893,-86.661007,Exempt — recent disaster,878552,0,1036.0
Tuscaloosa,AL,33.234404,-87.5283,Exempt — recent disaster,877797,0,925.0
Anchorage,AK,61.17425,-149.284329,Exempt — other screens,1899998,0,631.0
Avondale,AZ,33.313236,-112.328928,Exempt — other screens,695530,0,718.0
Casa Grande,AZ,32.906895,-111.763503,Exempt — other screens,459381,0,855.0
Chandler,AZ,33.282765,-111.851819,Gains funding,1486156,158758,1356.0
Douglas,AZ,31.399274,-109.541292,Exempt — other screens,183562,0,-102.0
Flagstaff,AZ,35.185212,-111.620698,Gains funding,656638,61817,528.0
Gilbert,AZ,33.310345,-111.743121,Gains funding,1112194,626719,5353.0
Glendale,AZ,33.533111,-112.189901,Gains funding,2376397,221161,1889.0
Goodyear,AZ,33.254031,-112.366472,Exempt — other screens,415122,0,2718.0
Marana,AZ,32.465939,-111.135401,Exempt — other screens,207209,0,1064.0
Maricopa County,AZ,33.345176,-112.49893,Loses funding,2940912,-294091,3071.0
Mesa,AZ,33.400626,-111.716487,Loses funding,3675410,-367541,1863.0
Peoria,AZ,33.786186,-112.308042,Exempt — other screens,972829,0,493.0
Phoenix,AZ,33.572154,-112.090132,Loses funding,14389727,-1438973,10198.0
Pima County,AZ,32.128038,-111.783657,Exempt — other screens,2593824,0,1510.0
Pinal County,AZ,32.918521,-111.366339,Exempt — other screens,1825148,0,4443.0
Prescott,AZ,34.592241,-112.446733,Gains funding,275024,0,-124.0
Prescott Valley,AZ,34.59793,-112.318497,Loses funding,292411,-29241,725.0
Scottsdale,AZ,33.684272,-111.861448,Exempt — other screens,1059148,0,746.0
Sierra Vista,AZ,31.56541,-110.314508,Exempt — other screens,245367,0,311.0
Surprise,AZ,33.670801,-112.452546,Exempt — other screens,748125,0,1742.0
Tempe,AZ,33.388414,-111.931782,Loses funding,1533148,-153315,1518.0
Tucson,AZ,32.153036,-110.870773,Exempt — other screens,5108670,0,1987.0
Yuma,AZ,32.516286,-114.521782,Exempt — other screens,984398,0,958.0
Bentonville,AR,36.352662,-94.231181,Exempt — recent disaster,296575,0,1104.0
Conway,AR,35.074404,-92.467004,Exempt — recent disaster,510478,0,662.0
Fayetteville,AR,36.071455,-94.166564,Exempt — recent disaster,834927,0,1219.0
Fort Smith,AR,35.349276,-94.370883,Exempt — recent disaster,812726,0,329.0
Hot Springs,AR,34.489442,-93.050254,Exempt — recent disaster,419586,0,464.0
Jacksonville,AR,34.880512,-92.13059,Exempt — recent disaster,254968,0,-247.0
Jonesboro,AR,35.819755,-90.679033,Exempt — recent disaster,728792,0,902.0
Little Rock,AR,34.725393,-92.358556,Exempt — recent disaster,1546201,0,-54.0
North Little Rock,AR,34.781752,-92.235057,Exempt — recent disaster,632968,0,1696.0
Pine Bluff,AR,34.211591,-92.017555,Exempt — recent disaster,641918,0,-304.0
Rogers,AR,36.318085,-94.152287,Exempt — recent disaster,529688,0,981.0
Springdale,AR,36.191438,-94.155062,Exempt — recent disaster,862531,0,315.0
Texarkana,AR,33.436339,-93.987118,Exempt — recent disaster,300959,0,-71.0
West Memphis,AR,35.149554,-90.199266,Exempt — recent disaster,241307,0,-127.0
Alameda,CA,37.741911,-122.259914,Exempt — recent disaster,1096362,0,162.0
Alameda County,CA,37.647139,-121.912488,Exempt — recent disaster,1998590,0,309.0
Alhambra,CA,34.083571,-118.136444,Exempt — recent disaster,815800,0,621.0
Aliso Viejo,CA,33.57921,-117.728898,Exempt — recent disaster,281469,0,137.0
Anaheim,CA,33.855502,-117.758657,Exempt — recent disaster,4066241,0,427.0
Antioch,CA,37.978336,-121.796064,Exempt — recent disaster,911040,0,693.0
Apple Valley,CA,34.533376,-117.210358,Exempt — recent disaster,700456,0,61.0
Bakersfield,CA,35.353171,-119.037919,Exempt — recent disaster,4054795,0,1848.0
Baldwin Park,CA,34.082824,-117.971286,Exempt — recent disaster,850026,0,146.0
Bellflower,CA,33.887821,-118.12725,Exempt — recent disaster,943279,0,184.0
Berkeley,CA,37.865673,-122.298725,Exempt — recent disaster,2593026,0,1033.0
Buena Park,CA,33.857353,-118.007373,Exempt — recent disaster,751385,0,-84.0
Burbank,CA,34.190079,-118.326405,Exempt — recent disaster,1072998,0,-58.0
Camarillo,CA,34.221823,-119.032154,Exempt — recent disaster,345293,0,246.0
Carlsbad,CA,33.129284,-117.284183,Exempt — recent disaster,562903,0,-146.0
Carson,CA,33.840367,-118.249574,Exempt — recent disaster,693996,0,465.0
Cathedral,CA,33.835487,-116.463103,Exempt — recent disaster,511608,0,-515.0
Chico,CA,39.758951,-121.81772,Exempt — recent disaster,992809,0,1174.0
Chino,CA,33.978037,-117.657719,Exempt — recent disaster,585259,0,84.0
Chino Hills,CA,33.942969,-117.725648,Exempt — recent disaster,400713,0,-334.0
Chula Vista,CA,32.62767,-117.01517,Exempt — recent disaster,2346364,0,-262.0
Citrus Heights,CA,38.69481,-121.287953,Exempt — recent disaster,633964,0,-31.0
Clovis,CA,36.827809,-119.681843,Exempt — recent disaster,710759,0,1254.0
Compton,CA,33.894047,-118.227469,Exempt — recent disaster,1340424,0,-115.0
Concord,CA,37.972184,-122.001587,Exempt — recent disaster,987662,0,755.0
Contra Costa Co.,CA,37.919479,-121.951543,Exempt — recent disaster,4727157,0,246.0
Corona,CA,33.861969,-117.565495,Exempt — recent disaster,1085264,0,930.0
Costa Mesa,CA,33.665905,-117.912336,Exempt — recent disaster,907261,0,743.0
Cupertino,CA,37.3194,-122.044957,Exempt — recent disaster,354559,0,-183.0
Daly,CA,37.701684,-122.464968,Exempt — recent disaster,929286,0,508.0
Davis,CA,38.556147,-121.737793,Exempt — recent disaster,730016,0,-321.0
Delano,CA,35.76643,-119.264221,Exempt — recent disaster,513901,0,259.0
Downey,CA,33.938237,-118.130856,Exempt — recent disaster,1020836,0,49.0
El Cajon,CA,32.801673,-116.960468,Exempt — recent disaster,1279875,0,-79.0
El Centro,CA,32.786351,-115.560206,Exempt — recent disaster,502738,0,121.0
El Monte,CA,34.074633,-118.029136,Exempt — recent disaster,1491385,0,-242.0
Elk Grove,CA,38.414621,-121.384961,Exempt — recent disaster,1026617,0,924.0
Encinitas,CA,33.050632,-117.263616,Exempt — recent disaster,287051,0,21.0
Escondido,CA,33.133053,-117.074043,Exempt — recent disaster,1341561,0,-423.0
Fairfield,CA,38.26206,-122.032386,Exempt — recent disaster,847959,0,783.0
Fontana,CA,34.109686,-117.462888,Exempt — recent disaster,1942933,0,1257.0
Fountain Valley,CA,33.710582,-117.951129,Exempt — recent disaster,301182,0,-23.0
Fremont,CA,37.49446,-121.94115,Exempt — recent disaster,1579819,0,1034.0
Fresno,CA,36.782684,-119.793359,Exempt — recent disaster,7098936,0,1085.0
Fresno County,CA,36.761006,-119.655019,Exempt — recent disaster,3172269,0,489.0
Fullerton,CA,33.885716,-117.928025,Exempt — recent disaster,1397459,0,637.0
Garden Grove,CA,33.778782,-117.960472,Exempt — recent disaster,1872282,0,559.0
Gardena,CA,33.894417,-118.307522,Exempt — recent disaster,604162,0,-207.0
Gilroy,CA,37.006407,-121.585321,Exempt — recent disaster,380083,0,322.0
Glendale,CA,34.181393,-118.24583,Exempt — recent disaster,1738811,0,-668.0
Glendora City,CA,34.144964,-117.847804,Exempt — recent disaster,296115,0,48.0
Goleta,CA,34.435441,-119.858946,Exempt — recent disaster,320925,0,212.0
Hanford,CA,36.327719,-119.654609,Exempt — recent disaster,523508,0,521.0
Hawthorne,CA,33.914775,-118.348083,Exempt — recent disaster,1149498,0,278.0
Hayward,CA,37.626826,-122.104015,Exempt — recent disaster,1542637,0,61.0
Hemet,CA,33.734068,-116.996808,Exempt — recent disaster,894066,0,437.0
Hesperia,CA,34.397038,-117.315198,Exempt — recent disaster,946179,0,-70.0
Huntington Beach,CA,33.698007,-118.003834,Exempt — recent disaster,1077252,0,812.0
Huntington Park,CA,33.979248,-118.217438,Exempt — recent disaster,544838,0,-37.0
Indio,CA,33.731639,-116.235971,Exempt — recent disaster,748597,0,364.0
Inglewood,CA,33.956068,-118.344274,Exempt — recent disaster,1244649,0,1328.0
Irvine,CA,33.678399,-117.771254,Exempt — recent disaster,2410854,0,-162.0
Jurupa Valley,CA,34.002591,-117.467612,Exempt — recent disaster,1026523,0,833.0
Kern County,CA,35.346629,-118.729506,Exempt — recent disaster,4446861,0,2259.0
La Habra,CA,33.927927,-117.951554,Exempt — recent disaster,556264,0,125.0
La Mesa,CA,32.769495,-117.021923,Exempt — recent disaster,456031,0,-208.0
Laguna Niguel,CA,33.528654,-117.701253,Exempt — recent disaster,350812,0,116.0
Lake Forest,CA,33.654946,-117.675848,Exempt — recent disaster,518662,0,82.0
Lakewood,CA,33.847135,-118.121894,Exempt — recent disaster,460105,0,158.0
Lancaster,CA,34.693558,-118.175305,Exempt — recent disaster,1506698,0,228.0
Lincoln,CA,38.874464,-121.292886,Exempt — recent disaster,259685,0,677.0
Livermore,CA,37.686977,-121.759781,Exempt — recent disaster,396908,0,62.0
Lodi,CA,38.12161,-121.290765,Exempt — recent disaster,655037,0,290.0
Lompoc,CA,34.662689,-120.470837,Exempt — recent disaster,480984,0,370.0
Long Beach,CA,33.780791,-118.16818,Exempt — recent disaster,4923908,0,8.0
Los Angeles,CA,34.019394,-118.410825,Exempt — recent disaster,48007436,0,17298.0
Los Angeles County,CA,34.196398,-118.261862,Exempt — recent disaster,19508115,0,3001.0
Lynwood,CA,33.923959,-118.201655,Exempt — recent disaster,946233,0,68.0
Madera,CA,36.965774,-120.08616,Exempt — recent disaster,989791,0,19.0
Marin County,CA,38.051367,-122.746396,Exempt — recent disaster,1512738,0,256.0
Menifee,CA,33.689858,-117.184383,Exempt — recent disaster,630907,0,1309.0
Merced,CA,37.305721,-120.477907,Exempt — recent disaster,1089413,0,550.0
Milpitas,CA,37.433136,-121.890934,Exempt — recent disaster,555374,0,277.0
Mission Viejo,CA,33.609335,-117.656471,Exempt — recent disaster,389068,0,-75.0
Modesto,CA,37.637533,-121.003049,Exempt — recent disaster,1898921,0,227.0
Montebello,CA,34.015444,-118.111012,Exempt — recent disaster,628319,0,39.0
Monterey,CA,36.601193,-121.88311,Exempt — recent disaster,248442,0,376.0
Monterey County,CA,36.240104,-121.315578,Exempt — recent disaster,1361629,0,468.0
Monterey Park,CA,34.04838,-118.133165,Exempt — recent disaster,563008,0,53.0
Moreno Valley,CA,33.923253,-117.205685,Exempt — recent disaster,1954015,0,727.0
Mountain View,CA,37.399686,-122.079269,Exempt — recent disaster,617916,0,688.0
Napa City,CA,38.297872,-122.300741,Exempt — recent disaster,591772,0,47.0
National,CA,32.665862,-117.097361,Exempt — recent disaster,700241,0,631.0
Newport Beach,CA,33.597332,-117.890352,Exempt — recent disaster,402015,0,-58.0
Norwalk,CA,33.9076,-118.083453,Exempt — recent disaster,940871,0,358.0
Oakland,CA,37.769846,-122.22569,Exempt — recent disaster,7412561,0,3866.0
Oceanside,CA,33.224601,-117.306291,Exempt — recent disaster,1236259,0,253.0
Ontario,CA,34.037648,-117.604433,Exempt — recent disaster,1839944,0,1015.0
Orange,CA,33.786971,-117.861265,Exempt — recent disaster,1010888,0,405.0
Orange County,CA,33.675687,-117.777207,Exempt — recent disaster,3467220,0,1323.0
Oxnard,CA,34.199436,-119.207515,Exempt — recent disaster,2074781,0,819.0
Palm Springs,CA,33.803361,-116.53828,Exempt — recent disaster,350999,0,-146.0
Palmdale,CA,34.591038,-118.105403,Exempt — recent disaster,1407911,0,-38.0
Palo Alto,CA,37.39652,-122.143088,Exempt — recent disaster,516233,0,137.0
Paradise,CA,39.754192,-121.6064,Exempt — recent disaster,47069,0,218.0
Paramount,CA,33.898883,-118.166629,Exempt — recent disaster,701752,0,188.0
Pasadena,CA,34.160602,-118.137954,Exempt — recent disaster,2147455,0,350.0
Perris,CA,33.789849,-117.222171,Exempt — recent disaster,940237,0,12.0
Petaluma,CA,38.242251,-122.628769,Exempt — recent disaster,306305,0,265.0
Pico Rivera,CA,33.989524,-118.089295,Exempt — recent disaster,611687,0,71.0
Pittsburg,CA,38.016771,-121.896948,Exempt — recent disaster,652097,0,210.0
Pleasanton,CA,37.667185,-121.88123,Exempt — recent disaster,381455,0,312.0
Pomona,CA,34.058494,-117.761091,Exempt — recent disaster,1690554,0,606.0
Porterville,CA,36.063542,-119.0336,Exempt — recent disaster,653932,0,146.0
Rancho Cordova,CA,38.577079,-121.236187,Exempt — recent disaster,677844,0,619.0
Rancho Cucamonga,CA,34.130306,-117.566067,Exempt — recent disaster,1045705,0,985.0
Rancho Santa Margarita,CA,33.632332,-117.599008,Exempt — recent disaster,213967,0,74.0
Redding,CA,40.570277,-122.366766,Exempt — recent disaster,677110,0,470.0
Redondo Beach,CA,33.849538,-118.400755,Exempt — recent disaster,295609,0,-84.0
Redwood,CA,37.515274,-122.213672,Exempt — recent disaster,654563,0,-199.0
Rialto,CA,34.117419,-117.389215,Exempt — recent disaster,1131371,0,63.0
Riverside,CA,33.938143,-117.393168,Exempt — recent disaster,2849347,0,2805.0
Riverside County,CA,33.729828,-116.002239,Exempt — recent disaster,7689351,0,1809.0
Rocklin,CA,38.806868,-121.249696,Exempt — recent disaster,296156,0,559.0
Rosemead,CA,34.06888,-118.08268,Exempt — recent disaster,533439,0,227.0
Roseville,CA,38.770296,-121.319634,Exempt — recent disaster,701373,0,1135.0
Sacramento,CA,38.567694,-121.468161,Exempt — recent disaster,4638977,0,1864.0
Sacramento County,CA,38.450136,-121.344329,Exempt — recent disaster,6030715,0,2012.0
Salinas,CA,36.690217,-121.633793,Exempt — recent disaster,2179417,0,43.0
San Bernardino,CA,34.14114,-117.294635,Exempt — recent disaster,2712293,0,961.0
San Bernardino Co.,CA,34.856661,-116.181571,Exempt — recent disaster,6686990,0,1220.0
San Buenaventura,CA,34.26778,-119.254206,Exempt — recent disaster,704658,0,-449.0
San Clemente,CA,33.449143,-117.61312,Exempt — recent disaster,310995,0,408.0
San Diego,CA,32.814977,-117.135562,Exempt — recent disaster,11028872,0,9015.0
San Diego County,CA,33.023604,-116.776117,Exempt — recent disaster,4232730,0,-243.0
San Francisco,CA,37.727239,-123.032229,Exempt — recent disaster,18798493,0,3060.0
San Joaquin County,CA,37.934982,-121.272244,Exempt — recent disaster,2941788,0,3325.0
San Jose,CA,37.296011,-121.814552,Exempt — recent disaster,7836902,0,2008.0
San Leandro,CA,37.703368,-122.163036,Exempt — recent disaster,765834,0,-331.0
San Luis Obispo County,CA,35.388189,-120.448897,Exempt — recent disaster,1893580,0,538.0
San Marcos,CA,33.132567,-117.169892,Exempt — recent disaster,703648,0,302.0
San Mateo,CA,37.56031,-122.3106,Exempt — recent disaster,766315,0,210.0
San Mateo County,CA,37.414672,-122.371546,Exempt — recent disaster,2315528,0,786.0
Santa Ana,CA,33.736332,-117.8829,Exempt — recent disaster,4190178,0,1349.0
Santa Barbara,CA,34.403592,-119.713714,Exempt — recent disaster,847812,0,189.0
Santa Barbara Co.,CA,34.536677,-120.038364,Exempt — recent disaster,1177513,0,230.0
Santa Clara,CA,37.364621,-121.967973,Exempt — recent disaster,1019135,0,1135.0
Santa Clara County,CA,37.221614,-121.68954,Exempt — recent disaster,1380034,0,-865.0
Santa Clarita,CA,34.416504,-118.500693,Exempt — recent disaster,1453594,0,273.0
Santa Cruz,CA,36.974385,-122.035268,Exempt — recent disaster,527892,0,110.0
Santa Maria,CA,34.933076,-120.443559,Exempt — recent disaster,1404326,0,270.0
Santa Monica,CA,34.010911,-118.498245,Exempt — recent disaster,1114932,0,893.0
Santa Rosa,CA,38.445824,-122.706181,Exempt — recent disaster,1286368,0,421.0
Santee,CA,32.85499,-116.986056,Exempt — recent disaster,375277,0,226.0
Seaside,CA,36.625058,-121.817804,Exempt — recent disaster,304867,0,-89.0
Simi Valley,CA,34.266887,-118.748458,Exempt — recent disaster,657452,0,-81.0
Sonoma County,CA,38.525182,-122.92611,Exempt — recent disaster,1652484,0,1380.0
South Gate,CA,33.944159,-118.192761,Exempt — recent disaster,1192638,0,303.0
South San Francisco,CA,37.655104,-122.376234,Exempt — recent disaster,456319,0,321.0
Stanislaus County,CA,37.562316,-121.002831,Exempt — recent disaster,2302867,0,909.0
Stockton,CA,37.976553,-121.308598,Exempt — recent disaster,3229216,0,207.0
Sunnyvale,CA,37.385797,-122.026316,Exempt — recent disaster,1038891,0,1431.0
Temecula,CA,33.493073,-117.131734,Exempt — recent disaster,606465,0,947.0
Thousand Oaks,CA,34.19329,-118.874235,Exempt — recent disaster,648249,0,-11.0
Torrance,CA,33.830453,-118.356618,Exempt — recent disaster,947578,0,-127.0
Tulare,CA,36.200246,-119.339775,Exempt — recent disaster,714971,0,472.0
Turlock,CA,37.505524,-120.859269,Exempt — recent disaster,636784,0,108.0
Tustin,CA,33.73092,-117.810599,Exempt — recent disaster,725229,0,736.0
Union,CA,37.602759,-122.01884,Exempt — recent disaster,474879,0,-22.0
Upland,CA,34.116073,-117.659922,Exempt — recent disaster,612647,0,100.0
Vacaville,CA,38.358621,-121.968601,Exempt — recent disaster,527680,0,-343.0
Vallejo,CA,38.106909,-122.262339,Exempt — recent disaster,991521,0,689.0
Ventura County,CA,34.358748,-119.133145,Exempt — recent disaster,1454583,0,703.0
Victorville,CA,34.527735,-117.353579,Exempt — recent disaster,1409225,0,1071.0
Visalia,CA,36.32803,-119.328519,Exempt — recent disaster,1139838,0,555.0
Vista,CA,33.189528,-117.238582,Exempt — recent disaster,976361,0,947.0
Walnut Creek,CA,37.902666,-122.040479,Exempt — recent disaster,401430,0,771.0
Watsonville,CA,36.923587,-121.772395,Exempt — recent disaster,634804,0,-2.0
West Covina,CA,34.055941,-117.909937,Exempt — recent disaster,819862,0,477.0
West Sacramento,CA,38.554368,-121.548663,Exempt — recent disaster,546333,0,544.0
Westminster,CA,33.752292,-117.993868,Exempt — recent disaster,970291,0,165.0
Whittier,CA,33.966827,-118.020122,Exempt — recent disaster,641146,0,549.0
Woodland,CA,38.67116,-121.750043,Exempt — recent disaster,473643,0,289.0
Yuba,CA,39.129842,-121.641549,Exempt — recent disaster,585041,0,125.0
Adams County,CO,39.874325,-104.331872,Gains funding,1233556,166992,1426.0
Arapahoe County,CO,39.644554,-104.331706,Exempt — recent disaster,1283130,0,1471.0
Arvada,CO,39.833728,-105.150306,Exempt — recent disaster,451371,0,514.0
Aurora,CO,39.709537,-104.720509,Exempt — recent disaster,2702077,0,2135.0
Boulder City,CO,40.024431,-105.251251,Gains funding,869873,81955,700.0
Broomfield /County,CO,39.953593,-105.050787,Loses funding,284341,-28434,941.0
Castle Rock,CO,39.376194,-104.852922,Exempt — recent disaster,277742,0,1335.0
Colorado Springs,CO,38.867255,-104.760749,Exempt — recent disaster,2854333,0,4275.0
Commerce,CO,39.882792,-104.794908,Gains funding,469128,117546,1004.0
Denver,CO,39.76185,-104.881105,Loses funding,6585718,-658572,6988.0
El Paso County,CO,38.827383,-104.527472,Exempt — recent disaster,1087577,0,6729.0
Fort Collins,CO,40.548216,-105.064833,Loses funding,1152451,-115245,1226.0
Grand Junction,CO,39.089062,-108.567452,Loses funding,407684,-40768,741.0
Greeley,CO,40.416576,-104.77328,Loses funding,846546,-84655,650.0
Jefferson County,CO,39.579511,-105.245462,Exempt — recent disaster,1009071,0,1170.0
Lakewood,CO,39.698939,-105.117573,Exempt — recent disaster,911186,0,547.0
Longmont,CO,40.168199,-105.100522,Loses funding,488849,-48885,1093.0
Loveland,CO,40.416905,-105.063111,Loses funding,377934,-37793,-187.0
Pueblo,CO,38.269228,-104.610816,Exempt — other screens,1432469,0,404.0
Thornton,CO,39.920433,-104.941413,Loses funding,811771,-81177,1162.0
Weld County,CO,40.555961,-104.383666,Loses funding,1251662,-125166,4578.0
Westminster,CO,39.880122,-105.061513,Exempt — recent disaster,563889,0,305.0
Bridgeport,CT,41.187393,-73.195757,Exempt — recent disaster,3100412,0,168.0
Bristol,CT,41.681578,-72.940749,Gains funding,539149,0,-375.0
Danbury,CT,41.398741,-73.478103,Exempt — recent disaster,590036,0,150.0
East Hartford,CT,41.760695,-72.607646,Gains funding,515368,0,-91.0
Fairfield,CT,41.17594,-73.272046,Exempt — recent disaster,441600,0,102.0
Greenwich,CT,41.027773,-73.626931,Exempt — recent disaster,723939,0,57.0
Hamden Town,CT,41.397329,-72.922226,Exempt — recent disaster,458833,0,1.0
Hartford,CT,41.765933,-72.681579,Loses funding,3476365,-347636,-191.0
Manchester,CT,41.77963,-72.520157,Gains funding,566960,36645,313.0
Meriden,CT,41.536777,-72.794543,Exempt — recent disaster,927552,0,-219.0
Middletown,CT,41.548611,-72.656784,Gains funding,502177,0,-521.0
Milford Town,CT,41.223644,-73.064556,Exempt — recent disaster,518282,0,173.0
New Britain,CT,41.676555,-72.786161,Exempt — other screens,1554807,0,-434.0
New Haven,CT,41.310809,-72.924953,Exempt — recent disaster,3446062,0,707.0
New London,CT,41.332957,-72.096176,Exempt — recent disaster,791387,0,223.0
Norwalk,CT,41.092739,-73.419796,Exempt — recent disaster,831261,0,91.0
Norwich,CT,41.548006,-72.089454,Exempt — recent disaster,838095,0,2.0
Shelton,CT,41.304577,-73.139215,Exempt — recent disaster,181656,0,349.0
Stamford,CT,41.079611,-73.54608,Exempt — recent disaster,989095,0,697.0
Stratford,CT,41.205688,-73.127986,Exempt — recent disaster,586729,0,-217.0
Waterbury,CT,41.5585,-73.036685,Exempt — recent disaster,2176880,0,-621.0
West Hartford,CT,41.766568,-72.754944,Loses funding,995108,-99511,-387.0
West Haven,CT,41.272121,-72.967497,Exempt — recent disaster,615097,0,89.0
Dover,DE,39.160602,-75.521659,Exempt — other screens,321933,0,-211.0
New Castle County,DE,39.575915,-75.644132,Gains funding,2509120,149857,1280.0
Wilmington,DE,39.735651,-75.532104,Exempt — other screens,2261378,0,-258.0
Boca Raton,FL,26.37269,-80.103711,Exempt — recent disaster,516588,0,317.0
Boynton Beach,FL,26.528334,-80.080722,Exempt — recent disaster,518962,0,-10.0
Bradenton,FL,27.489798,-82.576804,Exempt — recent disaster,447763,0,906.0
Brevard County,FL,28.298311,-80.700333,Exempt — recent disaster,1350422,0,1903.0
Broward County,FL,26.193535,-80.476683,Exempt — recent disaster,3978959,0,-1207.0
Cape Coral,FL,26.643192,-81.997364,Exempt — recent disaster,1110919,0,4765.0
Clay County,FL,29.986584,-81.865036,Exempt — recent disaster,1060250,0,1871.0
Clearwater,FL,27.979419,-82.771256,Exempt — recent disaster,925886,0,32.0
Cocoa,FL,28.376643,-80.763306,Exempt — recent disaster,105087,0,122.0
Collier County,FL,26.118786,-81.400955,Exempt — recent disaster,2677254,0,4673.0
Coral Springs,FL,26.270722,-80.259301,Exempt — recent disaster,794085,0,493.0
Crestview,FL,30.747932,-86.579275,Exempt — recent disaster,164652,0,451.0
Davie,FL,26.079169,-80.283013,Exempt — recent disaster,714145,0,896.0
Daytona Beach,FL,29.19071,-81.097083,Exempt — recent disaster,619516,0,1796.0
Deerfield Beach,FL,26.311716,-80.125378,Exempt — recent disaster,721028,0,269.0
Delray Beach,FL,26.455903,-80.09042,Exempt — recent disaster,457791,0,430.0
Deltona,FL,28.905121,-81.210978,Exempt — recent disaster,528176,0,578.0
Escambia County,FL,30.529998,-87.320322,Exempt — recent disaster,1806149,0,1120.0
Fort Pierce,FL,27.426112,-80.342488,Exempt — recent disaster,574680,0,163.0
Fort Walton Beach,FL,30.424904,-86.621762,Exempt — recent disaster,132070,0,13.0
Ft Lauderdale,FL,26.141227,-80.146731,Exempt — recent disaster,1518117,0,457.0
Ft Myers,FL,26.61982,-81.831673,Exempt — recent disaster,738136,0,1916.0
Gainesville,FL,29.679537,-82.346793,Exempt — recent disaster,1442129,0,367.0
Hernando County,FL,28.555995,-82.525969,Exempt — recent disaster,1137403,0,1544.0
Hialeah,FL,25.869941,-80.302865,Exempt — recent disaster,2427498,0,-570.0
Hillsborough County,FL,27.893154,-82.379991,Exempt — recent disaster,7456094,0,7123.0
Hollywood,FL,26.030967,-80.164609,Exempt — recent disaster,1249460,0,290.0
Homestead,FL,25.466694,-80.444342,Exempt — recent disaster,878963,0,733.0
Jacksonville,FL,30.335245,-81.648113,Exempt — recent disaster,6940619,0,8802.0
Jupiter,FL,26.918551,-80.11694,Exempt — recent disaster,312843,0,-3.0
Kissimmee,FL,28.30278,-81.417831,Exempt — recent disaster,1000854,0,384.0
Lake County,FL,28.764113,-81.712282,Exempt — recent disaster,1848798,0,4109.0
Lakeland,FL,28.055496,-81.954772,Exempt — recent disaster,825858,0,970.0
Largo,FL,27.908685,-82.774174,Exempt — recent disaster,587919,0,328.0
Lauderhill,FL,26.162225,-80.224434,Exempt — recent disaster,780917,0,559.0
Lee County,FL,26.563273,-81.984182,Exempt — recent disaster,3044711,0,4270.0
Manatee County,FL,27.475556,-82.393144,Exempt — recent disaster,1833537,0,5927.0
Marion County,FL,29.202805,-82.0431,Exempt — recent disaster,2173037,0,4853.0
Melbourne,FL,28.110438,-80.662717,Exempt — recent disaster,603059,0,508.0
Miami,FL,25.775163,-80.208615,Exempt — recent disaster,5026283,0,4017.0
Miami Beach,FL,25.810596,-80.148852,Exempt — recent disaster,858270,0,18.0
Miami Gardens,FL,25.948892,-80.243585,Exempt — recent disaster,970105,0,723.0
Miami-Dade County,FL,25.616009,-80.50375,Exempt — recent disaster,13151137,0,5426.0
Miramar,FL,25.972529,-80.338582,Exempt — recent disaster,824752,0,122.0
North Miami,FL,25.900829,-80.1686,Exempt — recent disaster,765353,0,227.0
Ocala,FL,29.17751,-82.151025,Exempt — recent disaster,510378,0,1236.0
Orange County,FL,28.514391,-81.323284,Exempt — recent disaster,7439307,0,7756.0
Orlando,FL,28.40865,-81.254805,Exempt — recent disaster,2522385,0,2139.0
Osceola County,FL,28.059027,-81.139312,Exempt — recent disaster,1634093,0,6831.0
Palm Bay,FL,27.954802,-80.664962,Exempt — recent disaster,814260,0,1321.0
Palm Beach County,FL,26.649126,-80.448354,Exempt — recent disaster,6609628,0,2751.0
Palm Beach Gardens,FL,26.848788,-80.167124,Exempt — recent disaster,260237,0,445.0
Palm Coast,FL,29.536837,-81.242627,Exempt — recent disaster,462211,0,1782.0
Panama,FL,30.166271,-85.670191,Exempt — recent disaster,360009,0,461.0
Panama  Beach,FL,30.233151,-85.877116,Exempt — recent disaster,105177,0,126.0
Pasco County,FL,28.309823,-82.511006,Exempt — recent disaster,3160581,0,6586.0
Pembroke Pines,FL,26.014716,-80.340171,Exempt — recent disaster,1125411,0,435.0
Pensacola,FL,30.440989,-87.191242,Exempt — recent disaster,753536,0,461.0
Pinellas County,FL,27.905342,-82.798066,Exempt — recent disaster,2339516,0,690.0
Pinellas Park,FL,27.858883,-82.708213,Exempt — recent disaster,361300,0,435.0
Plantation,FL,26.125573,-80.261818,Exempt — recent disaster,630799,0,588.0
Polk County,FL,27.953686,-81.693493,Exempt — recent disaster,4234555,0,10087.0
Pompano Beach,FL,26.241622,-80.133851,Exempt — recent disaster,1024414,0,1024.0
Port Orange,FL,29.113444,-81.013223,Exempt — recent disaster,354806,0,222.0
Port St Lucie,FL,27.280554,-80.388261,Exempt — recent disaster,1086454,0,4513.0
Sanford,FL,28.789425,-81.275624,Exempt — recent disaster,437753,0,1019.0
Sarasota City,FL,27.338257,-82.543721,Exempt — recent disaster,371559,0,201.0
Sarasota County,FL,27.225329,-82.423714,Exempt — recent disaster,1767490,0,5974.0
Sebastian,FL,27.779212,-80.482654,Exempt — recent disaster,116320,0,85.0
Seminole County,FL,28.690065,-81.131975,Exempt — recent disaster,2292412,0,1379.0
St Petersburg,FL,27.762727,-82.644131,Exempt — recent disaster,1744727,0,469.0
St. Cloud,FL,28.235225,-81.283958,Exempt — recent disaster,345240,0,1399.0
St. Johns County,FL,29.890487,-81.40004,Exempt — recent disaster,1138383,0,6065.0
Sunrise,FL,26.171601,-80.261633,Exempt — recent disaster,675995,0,-1033.0
Tallahassee,FL,30.453529,-84.252272,Exempt — recent disaster,1880342,0,2129.0
Tamarac,FL,26.203298,-80.256032,Exempt — recent disaster,496342,0,-2.0
Tampa,FL,27.970086,-82.479673,Exempt — recent disaster,3057626,0,5349.0
Titusville,FL,28.573368,-80.819404,Exempt — recent disaster,280901,0,-210.0
Volusia County,FL,29.057769,-81.161792,Exempt — recent disaster,1718768,0,2271.0
Wellington,FL,26.648995,-80.267208,Exempt — recent disaster,289551,0,212.0
West Palm Beach,FL,26.745114,-80.127038,Exempt — recent disaster,970113,0,1678.0
Albany,GA,31.578117,-84.176224,Exempt — recent disaster,734345,0,-118.0
Athens-Clarke County,GA,33.952185,-83.367152,Exempt — recent disaster,1221913,0,1005.0
Atlanta,GA,33.762909,-84.422675,Exempt — recent disaster,6602130,0,6777.0
Augusta-Richmond County,GA,33.361486,-82.074998,Exempt — recent disaster,1686245,0,493.0
Brookhaven,GA,33.863131,-84.337476,Exempt — recent disaster,349486,0,-250.0
Brunswick,GA,31.136149,-81.466936,Exempt — recent disaster,384717,0,34.0
Cherokee County,GA,34.244317,-84.475057,Exempt — recent disaster,1127016,0,2485.0
Clayton County,GA,33.552242,-84.412973,Exempt — recent disaster,2461457,0,646.0
Cobb County,GA,33.939926,-84.57411,Exempt — recent disaster,3420467,0,2548.0
Columbus-Muscogee County,GA,32.510191,-84.874946,Exempt — recent disaster,1690979,0,743.0
Dalton,GA,34.767898,-84.972812,Exempt — recent disaster,312286,0,471.0
De Kalb County,GA,33.770661,-84.226343,Exempt — recent disaster,4639475,0,2021.0
Fulton County,GA,33.790034,-84.468182,Exempt — recent disaster,1254161,0,-79.0
Gainesville,GA,34.2901,-83.829106,Exempt — recent disaster,406937,0,434.0
Gwinnett County,GA,33.958756,-84.025735,Exempt — recent disaster,5816102,0,4768.0
Henry County,GA,33.452947,-84.154021,Exempt — recent disaster,1175509,0,2143.0
Hinesville,GA,31.826702,-81.615773,Exempt — recent disaster,254726,0,318.0
Johns Creek,GA,34.032739,-84.203848,Exempt — recent disaster,307314,0,92.0
Macon-Bibb County,GA,32.80899,-83.69406,Exempt — recent disaster,1834622,0,93.0
Marietta,GA,33.953561,-84.542463,Exempt — recent disaster,417640,0,-85.0
Rome,GA,34.266133,-85.186052,Exempt — recent disaster,418859,0,195.0
Roswell,GA,34.039453,-84.350946,Exempt — recent disaster,400668,0,-113.0
Sandy Springs,GA,33.931501,-84.368886,Exempt — recent disaster,485216,0,-562.0
Savannah,GA,32.018043,-81.196492,Exempt — recent disaster,2212947,0,21.0
South Fulton,GA,33.63572,-84.583417,Exempt — recent disaster,534631,0,1153.0
Valdosta,GA,30.850126,-83.278833,Exempt — recent disaster,600391,0,627.0
Warner Robins,GA,32.597096,-83.653936,Exempt — recent disaster,495380,0,723.0
Hawaii Co,HI,19.597764,-155.502443,Exempt — recent disaster,2743195,0,949.0
Honolulu,HI,21.461365,-158.201974,Gains funding,7882630,231229,1975.0
Kauai,HI,22.012038,-159.705965,Exempt — recent disaster,738234,0,79.0
Maui Co,HI,20.855931,-156.60155,Exempt — recent disaster,1889272,0,-24.0
Boise,ID,43.599335,-116.229817,Gains funding,1367844,169295,1446.0
Caldwell,ID,43.64588,-116.659336,Gains funding,464994,111810,955.0
Coeur D'Alene,ID,47.702887,-116.795799,Loses funding,290998,-29100,574.0
Idaho Falls,ID,43.489616,-112.03534,Loses funding,412342,-41234,642.0
Lewiston,ID,46.39313,-116.993472,Gains funding,251391,12879,110.0
Meridian,ID,43.61149,-116.400662,Gains funding,523218,330629,2824.0
Nampa,ID,43.584972,-116.562935,Loses funding,653242,-65324,2169.0
Pocatello,ID,42.872748,-112.463836,Exempt — other screens,380283,0,296.0
Twin Falls,ID,42.563807,-114.460597,Exempt — other screens,332639,0,570.0
Arlington Heights,IL,42.097362,-87.981671,Exempt — recent disaster,332747,0,-29.0
Aurora,IL,41.763455,-88.290099,Exempt — recent disaster,1192246,0,271.0
Berwyn,IL,41.843333,-87.790926,Exempt — recent disaster,1410085,0,40.0
Bloomington,IL,40.475777,-88.969912,Exempt — other screens,543236,0,149.0
Champaign,IL,40.114099,-88.274619,Exempt — other screens,766743,0,-185.0
Chicago,IL,41.837045,-87.684939,Exempt — recent disaster,74498058,0,8855.0
Cicero,IL,41.844537,-87.75929,Exempt — recent disaster,1751533,0,-535.0
Cook County,IL,41.894294,-87.645455,Exempt — recent disaster,10516157,0,-1981.0
Danville,IL,40.142628,-87.610707,Exempt — recent disaster,946586,0,223.0
Decatur,IL,39.855983,-88.933746,Exempt — recent disaster,1313759,0,-103.0
Dekalb,IL,41.928186,-88.747585,Exempt — other screens,400667,0,392.0
Des Plaines,IL,42.034398,-87.901136,Exempt — recent disaster,316052,0,-117.0
Dupage County,IL,41.852058,-88.086039,Gains funding,3703858,67676,578.0
Elgin,IL,42.038963,-88.325671,Exempt — recent disaster,763920,0,412.0
Evanston,IL,42.046391,-87.694352,Exempt — recent disaster,1699600,0,181.0
Hoffman Estates,IL,42.064336,-88.14463,Exempt — recent disaster,229562,0,-191.0
Joliet,IL,41.516866,-88.147963,Exempt — recent disaster,926791,0,178.0
Kane County,IL,41.939594,-88.42804,Loses funding,1260181,-126018,485.0
Kankakee,IL,41.101654,-87.86369,Exempt — other screens,589549,0,-260.0
Lake County,IL,42.185968,-87.805939,Loses funding,2890601,-289060,98.0
Madison County,IL,38.82712,-89.900227,Exempt — other screens,2773468,0,226.0
Mchenry County,IL,42.324298,-88.452245,Exempt — other screens,1308967,0,743.0
Moline,IL,41.482333,-90.493407,Exempt — other screens,817172,0,-81.0
Mount Prospect,IL,42.064202,-87.937364,Exempt — recent disaster,292098,0,-542.0
Naperville,IL,41.749173,-88.162019,Exempt — recent disaster,566641,0,560.0
Normal,IL,40.52014,-88.992234,Exempt — other screens,451114,0,336.0
Oak Park,IL,41.887164,-87.78994,Exempt — recent disaster,1574409,0,199.0
Palatine Village,IL,42.116467,-88.044361,Exempt — recent disaster,462638,0,299.0
Pekin,IL,40.568757,-89.625115,Exempt — other screens,438443,0,-197.0
Peoria,IL,40.751641,-89.617198,Exempt — other screens,1828722,0,-516.0
Rantoul,IL,40.30256,-88.15488,Exempt — other screens,314842,0,260.0
Rock Island,IL,41.469444,-90.585307,Exempt — other screens,1037034,0,-729.0
Rockford,IL,42.2593,-89.063478,Exempt — recent disaster,2254724,0,-604.0
Schaumburg Village,IL,42.0289,-88.083773,Exempt — recent disaster,403348,0,-286.0
Skokie,IL,42.03597,-87.739994,Exempt — recent disaster,532514,0,145.0
Springfield,IL,39.791063,-89.644572,Exempt — recent disaster,1288399,0,204.0
St. Clair County,IL,38.470198,-89.928546,Exempt — recent disaster,3438146,0,296.0
Urbana,IL,40.110126,-88.197323,Exempt — other screens,392195,0,225.0
Waukegan,IL,42.369447,-87.870898,Exempt — other screens,735595,0,387.0
Will County,IL,41.448474,-87.978456,Exempt — recent disaster,2089349,0,1462.0
Anderson,IN,40.089766,-85.689449,Exempt — other screens,916076,0,18.0
Bloomington,IN,39.1637,-86.524264,Exempt — recent disaster,778293,0,870.0
Columbus,IN,39.208684,-85.919059,Exempt — other screens,302484,0,226.0
East Chicago,IN,41.64813,-87.452885,Exempt — recent disaster,1219342,0,-64.0
Elkhart,IN,41.691543,-85.962248,Exempt — other screens,712246,0,-40.0
Evansville,IN,37.987737,-87.534705,Exempt — other screens,2485311,0,395.0
Fort Wayne,IN,41.088193,-85.142791,Exempt — recent disaster,1880267,0,965.0
Gary,IN,41.59074,-87.347113,Exempt — recent disaster,3210180,0,-147.0
Goshen,IN,41.573884,-85.829986,Exempt — other screens,274772,0,-25.0
Greenwood,IN,39.603372,-86.105227,Exempt — recent disaster,292739,0,470.0
Hamilton County,IN,40.053513,-86.021709,Loses funding,1146153,-114615,4371.0
Hammond,IN,41.618736,-87.494949,Exempt — recent disaster,2043773,0,329.0
Indianapolis,IN,39.782976,-86.135794,Exempt — other screens,8860390,0,2006.0
Jeffersonville,IN,38.332415,-85.696087,Exempt — other screens,270412,0,874.0
Kokomo,IN,40.464011,-86.127349,Exempt — recent disaster,725033,0,-58.0
La Porte,IN,41.606072,-86.713679,Exempt — other screens,438197,0,201.0
Lafayette,IN,40.39941,-86.862806,Exempt — other screens,640832,0,168.0
Lake County,IN,41.472247,-87.374337,Exempt — recent disaster,1629279,0,988.0
Michigan,IN,41.708776,-86.866875,Exempt — other screens,658791,0,251.0
Mishawaka,IN,41.676606,-86.165356,Exempt — other screens,468014,0,309.0
Muncie,IN,40.198826,-85.395059,Exempt — other screens,1242123,0,93.0
New Albany,IN,38.312179,-85.823987,Exempt — other screens,691524,0,-166.0
South Bend,IN,41.676643,-86.268809,Exempt — other screens,2366486,0,217.0
Terre Haute,IN,39.464152,-87.376036,Exempt — other screens,1423909,0,-241.0
West Lafayette,IN,40.443707,-86.923616,Exempt — other screens,436964,0,515.0
Ames,IA,42.026327,-93.621264,Exempt — recent disaster,552927,0,335.0
Cedar Falls,IA,42.51907,-92.454009,Exempt — other screens,278127,0,192.0
Cedar Rapids,IA,41.96419,-91.67917,Exempt — other screens,1106823,0,754.0
Council Bluffs,IA,41.235987,-95.853163,Exempt — recent disaster,983484,0,40.0
Davenport,IA,41.55682,-90.603948,Exempt — recent disaster,1574080,0,-321.0
Des Moines,IA,41.57259,-93.610243,Exempt — recent disaster,3760013,0,147.0
Dubuque,IA,42.498901,-90.707258,Exempt — recent disaster,1037080,0,203.0
Iowa,IA,41.655661,-91.530859,Exempt — other screens,741332,0,8.0
Polk County,IA,41.684816,-93.568971,Exempt — recent disaster,846324,0,3047.0
Sioux,IA,42.49538,-96.389495,Exempt — recent disaster,1580662,0,100.0
Waterloo,IA,42.492327,-92.351947,Exempt — other screens,1196041,0,-27.0
West Des Moines,IA,41.549937,-93.781351,Exempt — recent disaster,328144,0,401.0
Johnson County,KS,38.883907,-94.82233,Exempt — recent disaster,1393280,0,1712.0
Kansas,KS,39.122539,-94.741781,Exempt — recent disaster,2132228,0,51.0
Lawrence,KS,38.959551,-95.265468,Exempt — other screens,752390,0,64.0
Leavenworth,KS,39.322717,-94.925013,Exempt — other screens,369060,0,31.0
Manhattan,KS,39.188307,-96.605864,Exempt — recent disaster,546884,0,69.0
Overland Park,KS,38.889042,-94.690584,Exempt — recent disaster,690372,0,1781.0
Shawnee,KS,39.017488,-94.805801,Exempt — recent disaster,278072,0,842.0
Topeka,KS,39.034673,-95.696191,Exempt — recent disaster,1791961,0,-103.0
Wichita,KS,37.690638,-97.345836,Exempt — other screens,2968869,0,872.0
Ashland,KY,38.459492,-82.645081,Exempt — recent disaster,505838,0,-136.0
Bowling Green,KY,36.976832,-86.433661,Exempt — recent disaster,848543,0,755.0
Covington,KY,39.035109,-84.519648,Exempt — recent disaster,1409780,0,102.0
Elizabethtown,KY,37.704002,-85.878881,Exempt — recent disaster,208167,0,-448.0
Henderson,KY,37.838416,-87.580971,Exempt — recent disaster,231376,0,69.0
Hopkinsville,KY,36.839284,-87.473544,Exempt — recent disaster,242872,0,-11.0
Lexington-Fayette,KY,38.040678,-84.458272,Exempt — recent disaster,2249391,0,1239.0
Louisville-Jefferson MCG,KY,38.189532,-85.657624,Exempt — recent disaster,11301161,0,1787.0
Owensboro,KY,37.757172,-87.117398,Exempt — recent disaster,542893,0,60.0
Paducah,KY,37.070892,-88.644477,Exempt — recent disaster,583406,0,-77.0
Alexandria,LA,31.293449,-92.470189,Exempt — recent disaster,489682,0,295.0
Baton Rouge,LA,30.440443,-91.133166,Exempt — recent disaster,3313007,0,291.0
Bossier,LA,32.523674,-93.655426,Exempt — recent disaster,558769,0,380.0
Hammond,LA,30.50565,-90.456493,Exempt — recent disaster,230833,0,1152.0
Houma-Terrebonne,LA,29.33413,-90.843674,Exempt — recent disaster,823641,0,156.0
Jefferson Parish,LA,29.5033,-90.036231,Exempt — recent disaster,2698293,0,385.0
Kenner,LA,30.010227,-90.25482,Exempt — recent disaster,504335,0,-76.0
Lafayette,LA,30.2056,-92.028058,Exempt — recent disaster,1540451,0,458.0
Lake Charles,LA,30.19902,-93.210835,Exempt — recent disaster,734086,0,596.0
Monroe,LA,32.518986,-92.07718,Exempt — recent disaster,733589,0,257.0
New Orleans,LA,30.05342,-89.934502,Exempt — recent disaster,12568463,0,794.0
Shreveport,LA,32.466879,-93.792193,Exempt — recent disaster,1946439,0,-288.0
Slidell,LA,30.288913,-89.782926,Exempt — recent disaster,207836,0,66.0
St. Tammany Parish,LA,30.410022,-89.951962,Exempt — recent disaster,1335762,0,1497.0
Thibodaux,LA,29.794874,-90.814578,Exempt — recent disaster,141270,0,294.0
Auburn,ME,44.084537,-70.249649,Exempt — recent disaster,485861,0,23.0
Bangor,ME,44.829625,-68.788767,Exempt — recent disaster,833082,0,483.0
Biddeford,ME,43.438733,-70.392943,Exempt — recent disaster,424428,0,223.0
Cumberland County,ME,43.808348,-70.330375,Exempt — recent disaster,1509068,0,1767.0
Lewiston,ME,44.089513,-70.172095,Exempt — recent disaster,788103,0,253.0
Portland,ME,43.633157,-70.185305,Exempt — recent disaster,1807636,0,602.0
Annapolis,MD,38.972152,-76.505332,Gains funding,278182,48236,412.0
Anne Arundel County,MD,38.991617,-76.560894,Loses funding,2218569,-221857,1011.0
Baltimore,MD,39.300032,-76.610476,Exempt — other screens,20262880,0,1401.0
Baltimore County,MD,39.443167,-76.616569,Gains funding,4687766,61466,525.0
Bowie,MD,38.954703,-76.738834,Loses funding,197940,-19794,397.0
Cumberland,MD,39.65131,-78.757959,Exempt — other screens,786221,0,255.0
Frederick,MD,39.434089,-77.414539,Gains funding,444911,145177,1240.0
Frederick County,MD,39.470177,-77.397636,Gains funding,722727,286139,2444.0
Gaithersburg,MD,39.148601,-77.195131,Loses funding,526482,-52648,-106.0
Hagerstown,MD,39.640182,-77.722691,Exempt — other screens,791400,0,-317.0
Harford County,MD,39.537429,-76.299789,Loses funding,1101617,-110162,1028.0
Howard County,MD,39.252264,-76.924406,Loses funding,1336389,-133639,797.0
Montgomery County,MD,39.137381,-77.203063,Gains funding,5194196,165900,1417.0
Prince Georges County,MD,38.829278,-76.848188,Gains funding,5806716,250664,2141.0
Salisbury,MD,38.375328,-75.585925,Exempt — other screens,338056,0,57.0
Arlington,MA,42.418722,-71.163912,Exempt — recent disaster,1057391,0,147.0
Attleboro,MA,41.931653,-71.294503,Exempt — recent disaster,394424,0,66.0
Barnstable,MA,41.661478,-70.356951,Exempt — recent disaster,291036,0,168.0
Boston,MA,42.338551,-71.018253,Exempt — recent disaster,16948744,0,2785.0
Brockton,MA,42.082543,-71.024638,Exempt — recent disaster,1343941,0,310.0
Brookline,MA,42.323853,-71.142003,Exempt — recent disaster,1368250,0,178.0
Cambridge,MA,42.376043,-71.11868,Exempt — recent disaster,2638641,0,228.0
Chicopee,MA,42.177586,-72.570189,Exempt — recent disaster,1130139,0,216.0
Everett,MA,42.405938,-71.054649,Exempt — recent disaster,1048571,0,286.0
Fall River,MA,41.725351,-71.094162,Exempt — recent disaster,2477723,0,217.0
Fitchburg,MA,42.601977,-71.81587,Exempt — recent disaster,921520,0,-201.0
Framingham,MA,42.307905,-71.436196,Exempt — recent disaster,473889,0,-498.0
Gloucester,MA,42.62885,-70.685875,Exempt — recent disaster,684282,0,237.0
Haverhill,MA,42.782945,-71.087436,Exempt — recent disaster,917780,0,296.0
Holyoke,MA,42.211658,-72.642448,Exempt — recent disaster,1180479,0,0.0
Lawrence,MA,42.700273,-71.161357,Exempt — recent disaster,1638713,0,-84.0
Leominster,MA,42.520876,-71.770611,Exempt — recent disaster,468404,0,298.0
Lowell,MA,42.638995,-71.32102,Exempt — recent disaster,2079283,0,740.0
Lynn,MA,42.474766,-70.962035,Exempt — recent disaster,2021026,0,111.0
Malden,MA,42.42938,-71.058706,Exempt — recent disaster,1411157,0,-167.0
Medford,MA,42.423844,-71.109231,Exempt — recent disaster,1466160,0,-292.0
New Bedford,MA,41.661303,-70.937913,Exempt — recent disaster,2574063,0,-122.0
Newton,MA,42.331768,-71.2084,Exempt — recent disaster,1855699,0,428.0
Northampton,MA,42.327044,-72.67463,Exempt — recent disaster,631073,0,975.0
Peabody,MA,42.53431,-70.969443,Exempt — recent disaster,440876,0,-173.0
Pittsfield,MA,42.45184,-73.260685,Exempt — recent disaster,1221406,0,-535.0
Plymouth Town,MA,41.958343,-70.6638,Exempt — recent disaster,408450,0,115.0
Quincy,MA,42.261006,-71.008988,Exempt — recent disaster,1841720,0,-155.0
Revere,MA,42.421005,-70.99036,Exempt — recent disaster,690800,0,694.0
Salem,MA,42.499248,-70.898204,Exempt — recent disaster,1042346,0,492.0
Somerville,MA,42.390445,-71.101033,Exempt — recent disaster,2477825,0,173.0
Springfield,MA,42.115454,-72.539978,Exempt — recent disaster,3671092,0,-496.0
Taunton,MA,41.903324,-71.094987,Exempt — recent disaster,853983,0,90.0
Waltham,MA,42.388921,-71.242268,Exempt — recent disaster,850450,0,-170.0
Westfield,MA,42.138838,-72.755911,Exempt — recent disaster,398805,0,130.0
Weymouth Town,MA,42.2073,-70.943687,Exempt — recent disaster,681380,0,573.0
Worcester,MA,42.269478,-71.807783,Exempt — recent disaster,4088940,0,505.0
Yarmouth,MA,41.674949,-70.226014,Exempt — recent disaster,136091,0,-8.0
Battle Creek,MI,42.299176,-85.229267,Exempt — other screens,1205390,0,-117.0
Bay,MI,43.590062,-83.888421,Exempt — other screens,1254300,0,-95.0
Benton Harbor,MI,42.113495,-86.44725,Exempt — other screens,382893,0,-85.0
Canton Twp,MI,42.307541,-83.485775,Exempt — recent disaster,379148,0,736.0
Clinton Twp,MI,42.068279,-83.965732,Exempt — other screens,585695,0,-101.0
Dearborn,MI,42.313057,-83.211488,Exempt — recent disaster,1865278,0,189.0
Dearborn Heights,MI,42.335671,-83.288832,Exempt — recent disaster,998836,0,401.0
Detroit,MI,42.383037,-83.102237,Exempt — recent disaster,32283682,0,3328.0
East Lansing,MI,42.748913,-84.482442,Exempt — recent disaster,401429,0,-55.0
Farmington Hills,MI,42.485648,-83.375961,Exempt — recent disaster,358837,0,492.0
Flint,MI,43.02442,-83.691971,Exempt — other screens,3588954,0,485.0
Genesee County,MI,43.021077,-83.706372,Exempt — other screens,1820353,0,174.0
Grand Rapids,MI,42.961156,-85.65557,Exempt — recent disaster,3754702,0,-251.0
Holland,MI,42.767049,-86.098572,Exempt — other screens,333432,0,216.0
Jackson,MI,42.243441,-84.404858,Exempt — other screens,1205801,0,28.0
Kalamazoo,MI,42.275163,-85.588501,Exempt — other screens,1583632,0,-200.0
Kent County,MI,43.032497,-85.547446,Exempt — recent disaster,1673365,0,1790.0
Lansing,MI,42.714341,-84.560889,Exempt — recent disaster,1982088,0,315.0
Lincoln Park,MI,42.243291,-83.181258,Exempt — recent disaster,778236,0,-440.0
Livonia,MI,42.397183,-83.372319,Exempt — recent disaster,343617,0,689.0
Macomb County,MI,42.671553,-82.911456,Exempt — recent disaster,1913886,0,1364.0
Midland,MI,43.624796,-84.231984,Exempt — other screens,203789,0,319.0
Monroe,MI,41.916586,-83.384324,Exempt — recent disaster,448407,0,-13.0
Muskegon,MI,43.22654,-86.257247,Exempt — other screens,919565,0,222.0
Muskegon Hts,MI,43.201921,-86.240963,Exempt — other screens,424739,0,-63.0
Niles,MI,41.834539,-86.247851,Exempt — other screens,270102,0,-40.0
Norton Shores,MI,43.169538,-86.235405,Exempt — other screens,111638,0,-42.0
Oakland County,MI,42.660452,-83.38421,Exempt — recent disaster,3735142,0,2699.0
Pontiac,MI,42.649228,-83.287363,Exempt — recent disaster,1436727,0,49.0
Port Huron,MI,42.993766,-82.433743,Exempt — other screens,702976,0,258.0
Portage,MI,42.19705,-85.591395,Exempt — other screens,209148,0,180.0
Redford,MI,42.394788,-83.294018,Exempt — recent disaster,848170,0,-315.0
Roseville,MI,42.507586,-82.936582,Exempt — recent disaster,560982,0,56.0
Royal Oak,MI,42.507816,-83.15389,Exempt — recent disaster,1154181,0,-97.0
Saginaw,MI,43.419945,-83.950172,Exempt — other screens,1986926,0,69.0
Southfield,MI,42.47464,-83.259509,Exempt — recent disaster,409397,0,291.0
St Clair Shores,MI,42.493043,-82.890901,Exempt — recent disaster,859034,0,-254.0
Sterling Heights,MI,42.581206,-83.030316,Exempt — recent disaster,802997,0,352.0
Taylor,MI,42.225283,-83.267691,Exempt — recent disaster,463413,0,-204.0
Traverse,MI,44.754309,-85.603011,Exempt — other screens,367861,0,-104.0
Warren,MI,42.492904,-83.025001,Exempt — recent disaster,974298,0,277.0
Washtenaw County,MI,42.252217,-83.843423,Gains funding,2248182,193413,1652.0
Waterford Township,MI,42.661978,-83.387921,Exempt — recent disaster,362163,0,119.0
Wayne County,MI,42.284664,-83.261953,Exempt — recent disaster,5492534,0,378.0
Westland,MI,42.319173,-83.380778,Exempt — recent disaster,1033365,0,202.0
Wyoming,MI,42.890317,-85.706733,Exempt — recent disaster,477892,0,526.0
Anoka County,MN,45.27411,-93.242723,Gains funding,1666016,189315,1617.0
Bloomington,MN,44.829666,-93.315217,Gains funding,465137,0,-114.0
Dakota County,MN,44.670893,-93.062481,Gains funding,1893442,284734,2432.0
Duluth,MN,46.774458,-92.134135,Exempt — recent disaster,2341913,0,173.0
Eden Prairie,MN,44.849595,-93.458721,Loses funding,279604,-27960,194.0
Hennepin County,MN,45.006121,-93.475228,Gains funding,2993886,829616,7086.0
Mankato,MN,44.171122,-93.97638,Exempt — recent disaster,435932,0,343.0
Minneapolis,MN,44.963324,-93.26832,Exempt — other screens,10988006,0,5863.0
Moorhead,MN,46.864704,-96.744552,Exempt — recent disaster,356693,0,332.0
Plymouth,MN,45.022312,-93.462883,Loses funding,255820,-25582,-166.0
Ramsey County,MN,45.015204,-93.099965,Exempt — other screens,1215422,0,2264.0
Rochester,MN,44.014299,-92.478592,Exempt — other screens,676343,0,897.0
St Cloud,MN,45.526658,-94.171007,Exempt — recent disaster,687307,0,187.0
St Louis County,MN,47.578635,-92.514585,Exempt — recent disaster,1909180,0,339.0
St Paul,MN,44.948901,-93.104063,Exempt — other screens,6756518,0,1675.0
Washington County,MN,45.037929,-92.890117,Gains funding,697198,266001,2272.0
Woodbury,MN,44.906283,-92.923703,Gains funding,266417,98697,843.0
Biloxi,MS,30.426663,-88.935762,Exempt — other screens,409375,0,-128.0
Gulfport,MS,30.419487,-89.069022,Exempt — other screens,776285,0,662.0
Hattiesburg,MS,31.307305,-89.317434,Exempt — other screens,569656,0,359.0
Jackson,MS,32.315834,-90.21285,Exempt — recent disaster,1787635,0,-232.0
Moss Point,MS,30.425914,-88.532733,Exempt — recent disaster,97999,0,153.0
Pascagoula,MS,30.360067,-88.556327,Exempt — recent disaster,261473,0,91.0
Blue Springs,MO,39.012001,-94.267612,Exempt — other screens,265704,0,463.0
Cape Girardeau,MO,37.309389,-89.558359,Exempt — recent disaster,326728,0,155.0
Columbia,MO,38.94729,-92.326387,Exempt — other screens,1065222,0,613.0
Florissant,MO,38.799725,-90.327076,Exempt — recent disaster,264212,0,-157.0
Independence,MO,39.085469,-94.352082,Exempt — other screens,911277,0,660.0
Jefferson,MO,38.567461,-92.175254,Exempt — other screens,264411,0,303.0
Jefferson County,MO,38.25763,-90.543681,Exempt — other screens,1062194,0,661.0
Joplin City,MO,37.075218,-94.501259,Exempt — other screens,515502,0,432.0
Kansas,MO,39.125155,-94.550313,Exempt — other screens,7608758,0,1654.0
Lees Summit,MO,38.921601,-94.384763,Loses funding,385005,-38500,882.0
O'Fallon,MO,38.784674,-90.720738,Exempt — recent disaster,338193,0,653.0
Springfield,MO,37.194157,-93.292642,Exempt — recent disaster,1489039,0,781.0
St Joseph,MO,39.75946,-94.821143,Exempt — other screens,1461592,0,112.0
St Louis,MO,38.635699,-90.244582,Exempt — recent disaster,17660570,0,191.0
St Louis County,MO,38.640688,-90.446073,Exempt — recent disaster,5806360,0,877.0
St. Charles County,MO,38.781102,-90.674915,Exempt — recent disaster,1065633,0,2622.0
Billings,MT,45.788538,-108.552475,Exempt — recent disaster,674856,0,809.0
Bozeman,MT,45.683155,-111.053782,Gains funding,347790,124337,1062.0
Great Falls,MT,47.502518,-111.29997,Exempt — other screens,761417,0,85.0
Missoula,MT,46.874359,-114.026136,Exempt — recent disaster,520234,0,1007.0
Bellevue,NE,41.144932,-95.93856,Exempt — recent disaster,315457,0,286.0
Grand Island,NE,40.921352,-98.358559,Exempt — other screens,348081,0,137.0
Lincoln,NE,40.810284,-96.674856,Exempt — recent disaster,1878880,0,2046.0
Omaha,NE,41.262705,-96.053475,Exempt — recent disaster,4254206,0,1383.0
Carson,NV,39.15306,-119.747368,Gains funding,402733,29738,254.0
Clark County,NV,36.21413,-115.014398,Exempt — other screens,8550959,0,13035.0
Henderson,NV,36.008958,-115.0268,Loses funding,1687463,-168746,4396.0
Las Vegas,NV,36.233499,-115.264037,Loses funding,5341723,-534172,3696.0
North Las Vegas,NV,36.289865,-115.089181,Gains funding,1959935,344912,2946.0
Reno,NV,39.549097,-119.849907,Gains funding,2002682,382260,3265.0
Sparks,NV,39.574341,-119.715154,Exempt — other screens,739006,0,1425.0
Dover,NH,43.18636,-70.883623,Loses funding,328545,-32854,-6.0
Manchester,NH,42.984941,-71.444131,Gains funding,1570991,0,-283.0
Nashua,NH,42.749074,-71.490544,Loses funding,652953,-65295,298.0
Portsmouth,NH,43.060594,-70.780349,Exempt — recent disaster,522653,0,276.0
Rochester,NH,43.298493,-70.977005,Gains funding,257705,9952,85.0
Asbury Park,NJ,40.222884,-74.010232,Loses funding,392066,-39207,-170.0
Atlantic,NJ,39.377337,-74.45107,Exempt — other screens,1305980,0,-148.0
Atlantic County,NJ,39.469355,-74.633759,Gains funding,1184270,22011,188.0
Bayonne,NJ,40.662495,-74.110201,Gains funding,1364019,73174,625.0
Bergen County,NJ,40.959698,-74.074727,Gains funding,8974151,126210,1078.0
Bloomfield,NJ,40.809141,-74.187142,Loses funding,974904,-97490,76.0
Brick Township,NJ,40.061773,-74.109557,Exempt — other screens,290827,0,-54.0
Bridgeton,NJ,39.429192,-75.228595,Exempt — other screens,331652,0,301.0
Burlington County,NJ,39.875786,-74.663006,Gains funding,1594333,124103,1060.0
Camden,NJ,39.936787,-75.106644,Exempt — other screens,2380231,0,-628.0
Camden County,NJ,39.802407,-74.961249,Exempt — other screens,2577208,0,551.0
Cherry Hill,NJ,39.904611,-74.997,Gains funding,407498,76218,651.0
Clifton,NJ,40.862137,-74.160393,Gains funding,1261206,64042,547.0
East Orange,NJ,40.765055,-74.211655,Gains funding,1405027,0,-28.0
Edison,NJ,40.504396,-74.348843,Gains funding,671667,136747,1168.0
Elizabeth,NJ,40.666367,-74.193503,Gains funding,1679231,4215,36.0
Essex County,NJ,40.7874,-74.246292,Gains funding,5216482,51866,443.0
Ewing Township,NJ,40.263344,-74.798704,Loses funding,278056,-27806,104.0
Franklin Township,NJ,41.108997,-74.588641,Exempt — other screens,348012,0,-71.0
Gloucester County,NJ,39.722875,-75.145679,Loses funding,1400984,-140098,385.0
Gloucester Twp,NJ,39.891694,-75.116692,Gains funding,312318,0,-88.0
Hamilton,NJ,40.206266,-74.675274,Gains funding,603600,70364,601.0
Hoboken,NJ,40.745251,-74.027926,Gains funding,1053789,32079,274.0
Hudson County,NJ,40.731375,-74.078601,Gains funding,2052540,62286,532.0
Irvington,NJ,40.723859,-74.232522,Gains funding,1098955,114619,979.0
Jersey,NJ,40.711417,-74.06476,Gains funding,4321335,303818,2595.0
Lakewood Township,NJ,40.093975,-74.211478,Gains funding,1660999,21542,184.0
Long Branch,NJ,40.295372,-73.989899,Gains funding,430460,0,-44.0
Middlesex County,NJ,40.439621,-74.40743,Gains funding,1778781,0,-726.0
Middletown,NJ,40.404786,-74.071404,Gains funding,262196,0,-49.0
Millville,NJ,39.390093,-75.054797,Exempt — other screens,279713,0,320.0
Monmouth County,NJ,40.287048,-74.152446,Gains funding,2528455,109585,936.0
Morris County,NJ,40.858896,-74.547292,Loses funding,1853121,-185312,278.0
New Brunswick,NJ,40.486677,-74.444414,Loses funding,815209,-81521,-217.0
Newark,NJ,40.72422,-74.172574,Loses funding,6743865,-674386,-58.0
North Bergen Township,NJ,40.793644,-74.025027,Gains funding,741207,0,-65.0
Ocean,NJ,39.269523,-74.599797,Exempt — other screens,269952,0,286.0
Ocean County,NJ,39.865669,-74.258864,Loses funding,1369138,-136914,216.0
Old Bridge Township,NJ,40.395367,-74.331185,Gains funding,360622,0,-124.0
Parsippany-Troyhills Twp,NJ,40.859636,-74.423348,Gains funding,247701,47651,407.0
Passaic,NJ,40.857552,-74.129089,Gains funding,1276682,78911,674.0
Passaic County,NJ,41.036655,-74.299408,Gains funding,996962,0,-373.0
Paterson,NJ,40.914766,-74.162829,Gains funding,2644414,0,-13.0
Perth Amboy,NJ,40.52016,-74.271331,Gains funding,687972,0,-69.0
Piscataway Township,NJ,40.545539,-74.46072,Gains funding,278453,16625,142.0
Princeton,NJ,40.358244,-74.666728,Loses funding,185428,-18543,169.0
Sayreville,NJ,40.466945,-74.320192,Gains funding,227914,40626,347.0
Somerset County,NJ,40.565527,-74.619938,Gains funding,1157043,67554,577.0
Toms River Township,NJ,39.994856,-74.187754,Gains funding,405264,85818,733.0
Trenton,NJ,40.223841,-74.763624,Loses funding,2527173,-252717,-1358.0
Union,NJ,40.767425,-74.032279,Loses funding,1090426,-109043,-34.0
Union County,NJ,40.659871,-74.308696,Gains funding,4410172,110522,944.0
Union Township,NJ,40.695266,-74.269078,Gains funding,611899,15923,136.0
Vineland,NJ,39.465007,-74.997115,Exempt — other screens,431508,0,-325.0
Wayne Township,NJ,40.945855,-74.245077,Gains funding,170556,0,-458.0
Woodbridge,NJ,40.552857,-74.286939,Gains funding,636236,18498,158.0
Albuquerque,NM,35.10478,-106.646809,Exempt — other screens,4395720,0,1317.0
Farmington,NM,36.753833,-108.18053,Exempt — recent disaster,461761,0,568.0
Las Cruces,NM,32.326444,-106.789695,Exempt — other screens,1163202,0,614.0
Rio Rancho,NM,35.28507,-106.698867,Exempt — recent disaster,493138,0,1268.0
Santa Fe,NM,35.661981,-105.981815,Loses funding,633475,-63348,1079.0
Albany,NY,42.665745,-73.798353,Exempt — other screens,3043143,0,-301.0
Amherst,NY,43.011639,-78.757148,Exempt — recent disaster,625669,0,504.0
Auburn,NY,42.9338,-76.567181,Exempt — other screens,813992,0,243.0
Babylon Town,NY,40.693679,-73.326,Exempt — recent disaster,1118673,0,-24.0
Binghamton,NY,42.101331,-75.909369,Exempt — recent disaster,1790607,0,622.0
Brookhaven Town,NY,40.776671,-72.907833,Exempt — recent disaster,2169136,0,-175.0
Buffalo,NY,42.892492,-78.859686,Exempt — recent disaster,13103636,0,317.0
Cheektowaga Town,NY,42.909004,-78.750763,Exempt — recent disaster,956973,0,-32.0
Colonie Town,NY,42.720873,-73.831736,Exempt — other screens,369706,0,35.0
Dunkirk,NY,42.480551,-79.332898,Exempt — recent disaster,433336,0,-132.0
Dutchess County,NY,41.754825,-73.740014,Exempt — recent disaster,1497550,0,497.0
Elmira,NY,42.093388,-76.80961,Exempt — other screens,1095403,0,-9.0
Erie County,NY,42.752759,-78.778192,Exempt — recent disaster,2994630,0,-51.0
Glen Falls,NY,43.31116,-73.645286,Gains funding,469459,12176,104.0
Greece,NY,43.209517,-77.702642,Exempt — other screens,554086,0,-5.0
Hamburg Town,NY,42.723357,-78.834804,Exempt — recent disaster,445160,0,388.0
Huntington Town,NY,40.875389,-73.405761,Exempt — recent disaster,821950,0,1.0
Irondequoit,NY,43.209811,-77.572056,Exempt — other screens,899321,0,45.0
Islip Town,NY,40.730319,-73.216113,Exempt — recent disaster,1758897,0,15.0
Ithaca,NY,42.443937,-76.503055,Gains funding,680918,67437,576.0
Jamestown,NY,42.097603,-79.236135,Exempt — recent disaster,1105265,0,373.0
Kingston,NY,41.930124,-73.996782,Exempt — other screens,712928,0,172.0
Kiryas Joel village,NY,41.340667,-74.167274,Exempt — recent disaster,750045,0,701.0
Middletown,NY,41.444922,-74.423573,Exempt — recent disaster,426960,0,-385.0
Monroe County,NY,43.250347,-77.700518,Exempt — other screens,1842072,0,529.0
Mount Vernon,NY,40.913105,-73.829317,Exempt — recent disaster,1548930,0,-810.0
Nassau County,NY,40.729612,-73.589414,Exempt — recent disaster,13259692,0,932.0
New Rochelle,NY,40.923243,-73.779344,Exempt — recent disaster,1385726,0,654.0
New York,NY,40.662712,-73.938677,Exempt — recent disaster,170159554,0,28590.0
Newburgh,NY,41.503249,-74.01964,Exempt — recent disaster,808151,0,170.0
Niagara Falls,NY,43.092841,-79.014743,Exempt — recent disaster,2150047,0,90.0
Onondaga County,NY,43.006516,-76.196134,Exempt — other screens,2272403,0,873.0
Orange County,NY,41.40241,-74.306252,Exempt — recent disaster,1645340,0,722.0
Poughkeepsie,NY,41.694595,-73.919869,Exempt — recent disaster,840397,0,36.0
Rochester,NY,43.169927,-77.616891,Exempt — other screens,8068072,0,1228.0
Rockland County,NY,41.154628,-74.024662,Exempt — recent disaster,2691786,0,369.0
Rome,NY,43.226002,-75.489523,Exempt — recent disaster,945127,0,48.0
Saratoga Springs,NY,43.067704,-73.778142,Loses funding,323737,-32374,36.0
Schenectady,NY,42.802641,-73.9272,Exempt — other screens,2050241,0,75.0
Suffolk County,NY,40.943554,-72.692218,Exempt — recent disaster,1297836,0,389.0
Syracuse,NY,43.040998,-76.143554,Exempt — other screens,4795536,0,-554.0
Tonawanda Town,NY,43.011935,-78.883443,Exempt — recent disaster,1592983,0,144.0
Troy,NY,42.735812,-73.675321,Exempt — other screens,1725397,0,-248.0
Union Town,NY,42.125983,-76.032176,Exempt — recent disaster,1253674,0,-60.0
Utica,NY,43.096382,-75.225983,Exempt — recent disaster,2320311,0,16.0
Watertown,NY,43.973292,-75.910039,Exempt — recent disaster,860088,0,192.0
Westchester County,NY,41.152686,-73.745753,Exempt — recent disaster,4646543,0,-20.0
White Plains,NY,41.0238,-73.751048,Exempt — recent disaster,892382,0,1204.0
Yonkers,NY,40.945862,-73.867446,Exempt — recent disaster,3248745,0,1155.0
Asheville,NC,35.570972,-82.552725,Exempt — recent disaster,972202,0,904.0
Burlington,NC,36.076128,-79.4683,Exempt — recent disaster,481204,0,593.0
Cary,NC,35.781302,-78.823444,Exempt — recent disaster,734151,0,1161.0
Chapel Hill,NC,35.928328,-79.041375,Exempt — recent disaster,415188,0,376.0
Charlotte,NC,35.209045,-80.83099,Exempt — recent disaster,5741754,0,8470.0
Concord,NC,35.392094,-80.63551,Exempt — recent disaster,560220,0,649.0
Cumberland County,NC,35.050192,-78.828719,Exempt — recent disaster,909877,0,-62.0
Durham,NC,35.977928,-78.898109,Exempt — recent disaster,1936725,0,3973.0
Fayetteville,NC,35.082766,-78.973515,Exempt — recent disaster,1748202,0,676.0
Gastonia,NC,35.248796,-81.186436,Exempt — recent disaster,567471,0,616.0
Goldsboro,NC,35.378226,-77.971869,Exempt — recent disaster,337814,0,320.0
Greensboro,NC,36.09485,-79.823624,Exempt — recent disaster,2489554,0,2100.0
Greenville,NC,35.596431,-77.375256,Exempt — recent disaster,855949,0,1433.0
Hickory,NC,35.739671,-81.320237,Exempt — recent disaster,331589,0,627.0
High Point,NC,35.990803,-79.992713,Exempt — recent disaster,841549,0,141.0
Jacksonville,NC,34.72973,-77.393661,Exempt — recent disaster,422910,0,-351.0
Kannapolis,NC,35.479281,-80.638032,Exempt — recent disaster,380894,0,1426.0
Lenoir,NC,35.907679,-81.524827,Exempt — recent disaster,136612,0,445.0
Mecklenburg County,NC,35.246862,-80.833832,Exempt — recent disaster,1022878,0,2868.0
Mooresville,NC,35.583717,-80.827755,Exempt — recent disaster,234527,0,88.0
Morganton,NC,35.740848,-81.700292,Exempt — recent disaster,212470,0,219.0
New Bern,NC,35.096688,-77.072641,Exempt — recent disaster,260903,0,502.0
Raleigh,NC,35.831868,-78.641042,Exempt — recent disaster,2851817,0,6653.0
Rocky Mount,NC,35.968514,-77.808294,Exempt — recent disaster,501884,0,-183.0
Salisbury,NC,35.666161,-80.492629,Exempt — recent disaster,342969,0,114.0
Union County,NC,34.99182,-80.530426,Exempt — recent disaster,801607,0,2075.0
Wake County,NC,35.789846,-78.650624,Exempt — recent disaster,2178737,0,6250.0
Wilmington,NC,34.209225,-77.885767,Exempt — recent disaster,871503,0,1648.0
Winston-Salem,NC,36.102863,-80.260829,Exempt — recent disaster,2029462,0,1829.0
Bismarck,ND,46.814583,-100.770089,Exempt — other screens,389924,0,509.0
Fargo,ND,46.8647,-96.82908,Exempt — recent disaster,874861,0,630.0
Grand Forks,ND,47.919595,-97.087328,Exempt — recent disaster,441773,0,232.0
Minot,ND,48.236125,-101.277533,Exempt — recent disaster,315990,0,166.0
Akron,OH,41.080456,-81.521429,Exempt — other screens,5830829,0,238.0
Alliance,OH,40.911171,-81.119827,Exempt — other screens,619064,0,-157.0
Barberton,OH,41.006903,-81.60439,Exempt — other screens,661601,0,-94.0
Bowling Green,OH,41.377677,-83.649584,Exempt — other screens,284964,0,-21.0
Butler County,OH,39.439747,-84.565734,Exempt — other screens,1318153,0,180.0
Canton,OH,40.80765,-81.367228,Exempt — other screens,2536505,0,-443.0
Cincinnati,OH,39.140183,-84.505829,Exempt — other screens,11063082,0,678.0
Clermont County,OH,39.052054,-84.149485,Exempt — other screens,1002763,0,875.0
Cleveland,OH,41.478462,-81.679435,Exempt — other screens,19463970,0,599.0
Cleveland Heights,OH,41.511075,-81.561766,Exempt — other screens,1566683,0,-482.0
Columbus,OH,39.983938,-82.984882,Exempt — recent disaster,7527430,0,5114.0
Cuyahoga County,OH,41.555037,-81.604957,Exempt — other screens,4227608,0,-673.0
Cuyahoga Falls,OH,41.182881,-81.553008,Exempt — other screens,669676,0,-119.0
Dayton,OH,39.784743,-84.199632,Exempt — other screens,5277784,0,695.0
Delaware County,OH,40.278941,-83.007462,Exempt — recent disaster,407782,0,2054.0
East Cleveland,OH,41.530657,-81.578516,Exempt — other screens,937765,0,301.0
Elyria,OH,41.372778,-82.108009,Exempt — other screens,728601,0,-201.0
Euclid,OH,41.592154,-81.519678,Exempt — other screens,998865,0,210.0
Fairborn,OH,39.799578,-84.008482,Exempt — other screens,265003,0,56.0
Franklin County,OH,39.969875,-83.009086,Exempt — other screens,2026554,0,1601.0
Hamilton,OH,39.394328,-84.565522,Exempt — other screens,1279648,0,-286.0
Hamilton County,OH,39.196927,-84.544187,Exempt — other screens,3798710,0,222.0
Kent,OH,41.147561,-81.361965,Exempt — other screens,264952,0,-259.0
Kettering,OH,39.695991,-84.150437,Exempt — other screens,509132,0,-289.0
Lake County,OH,41.778142,-81.19733,Exempt — other screens,1352458,0,186.0
Lakewood,OH,41.483258,-81.801143,Exempt — other screens,1889388,0,132.0
Lancaster,OH,39.725228,-82.605246,Exempt — other screens,489000,0,164.0
Lima,OH,40.740679,-84.112091,Exempt — other screens,1009995,0,148.0
Lorain,OH,41.438805,-82.179722,Exempt — other screens,1303710,0,168.0
Mansfield,OH,40.76672,-82.53082,Exempt — recent disaster,858204,0,425.0
Marietta,OH,39.423166,-81.446426,Exempt — other screens,369588,0,5.0
Massillon,OH,40.784483,-81.525216,Exempt — other screens,646321,0,246.0
Mentor,OH,41.690159,-81.33588,Exempt — other screens,160804,0,259.0
Middletown,OH,39.502952,-84.364893,Exempt — other screens,695797,0,461.0
Montgomery County,OH,39.753736,-84.290591,Exempt — other screens,2021803,0,-49.0
Newark,OH,40.071503,-82.424221,Exempt — recent disaster,745133,0,-481.0
Parma,OH,41.383569,-81.728641,Exempt — other screens,949665,0,-321.0
Sandusky,OH,41.455885,-82.714436,Exempt — other screens,699040,0,-140.0
Springfield,OH,39.928908,-83.794241,Exempt — other screens,1740154,0,-249.0
Stark County,OH,40.814131,-81.365667,Exempt — other screens,1396925,0,778.0
Steubenville,OH,40.36631,-80.657061,Exempt — other screens,594903,0,-381.0
Summit County,OH,41.121847,-81.534928,Exempt — other screens,915818,0,685.0
Toledo,OH,41.664071,-83.581861,Exempt — other screens,7046960,0,-467.0
Warren,OH,41.239564,-80.816015,Exempt — other screens,1146337,0,-59.0
Warren County,OH,39.425663,-84.16994,Loses funding,872108,-87211,1118.0
Youngstown,OH,41.099095,-80.645902,Exempt — other screens,3266480,0,2.0
Edmond,OK,35.673807,-97.413076,Exempt — recent disaster,499591,0,766.0
Enid,OK,36.406702,-97.869861,Exempt — other screens,480118,0,151.0
Lawton,OK,34.617172,-98.4214,Exempt — recent disaster,738579,0,-56.0
Midwest,OK,35.458752,-97.37457,Exempt — recent disaster,412315,0,196.0
Moore,OK,35.328503,-97.474763,Exempt — recent disaster,354545,0,-406.0
Norman,OK,35.240569,-97.345299,Exempt — recent disaster,984443,0,1049.0
Oklahoma,OK,35.467079,-97.513657,Exempt — recent disaster,5130024,0,3615.0
Shawnee,OK,35.369413,-96.956408,Exempt — recent disaster,337126,0,11.0
Tulsa,OK,36.127949,-95.902316,Exempt — recent disaster,3509486,0,447.0
Tulsa County,OK,36.120318,-95.941813,Exempt — recent disaster,1564805,0,2125.0
Albany,OR,44.626928,-123.096741,Exempt — recent disaster,373063,0,216.0
Ashland,OR,42.192216,-122.69825,Loses funding,173259,-17326,-5.0
Beaverton,OR,45.477998,-122.817037,Loses funding,679728,-67973,-424.0
Bend,OR,44.056683,-121.307991,Loses funding,583169,-58317,1245.0
Clackamas County,OR,45.160493,-122.195127,Exempt — recent disaster,2132803,0,1727.0
Corvallis,OR,44.569949,-123.278285,Exempt — recent disaster,581812,0,-156.0
Eugene,OR,44.056848,-123.119019,Exempt — recent disaster,1483454,0,1302.0
Grants Pass,OR,42.432313,-123.331772,Loses funding,351555,-35156,133.0
Gresham,OR,45.502319,-122.441609,Exempt — recent disaster,943169,0,-228.0
Hillsboro,OR,45.526798,-122.935395,Loses funding,681847,-68185,981.0
Marion County,OR,44.900898,-122.57626,Loses funding,1420109,-142011,738.0
Medford,OR,42.336006,-122.851762,Loses funding,615563,-61556,194.0
Multnomah County,OR,45.547711,-122.417363,Exempt — recent disaster,333210,0,86.0
Portland,OR,45.536951,-122.649971,Exempt — recent disaster,8345073,0,3606.0
Redmond,OR,44.260694,-121.182425,Gains funding,219123,66500,568.0
Salem,OR,44.9239,-123.023007,Gains funding,1469203,132415,1131.0
Springfield,OR,44.053694,-122.980936,Exempt — recent disaster,554348,0,420.0
Washington County,OR,45.553542,-123.097615,Loses funding,2013429,-201343,2293.0
Abington,PA,40.113585,-75.114238,Exempt — other screens,715339,0,-73.0
Allegheny County,PA,40.469757,-79.980451,Exempt — other screens,13140833,0,2256.0
Allentown,PA,40.593648,-75.478393,Exempt — other screens,2401678,0,291.0
Altoona,PA,40.508052,-78.401114,Exempt — other screens,1536368,0,312.0
Beaver County,PA,40.68414,-80.350721,Exempt — other screens,3190637,0,127.0
Bensalem Township,PA,40.106196,-74.943689,Gains funding,426178,0,-284.0
Berks County,PA,40.413957,-75.92686,Exempt — other screens,2240548,0,442.0
Berwick Borough,PA,41.05499,-76.25101,Exempt — other screens,277447,0,35.0
Bethlehem,PA,40.626424,-75.367898,Exempt — other screens,1418306,0,156.0
Bloomsburg,PA,41.002717,-76.45658,Exempt — other screens,204315,0,55.0
Bristol Township,PA,40.102767,-74.852347,Exempt — other screens,626184,0,-104.0
Bucks County,PA,40.336887,-75.10706,Loses funding,2095451,-209545,1345.0
Carlisle,PA,40.199994,-77.204149,Exempt — other screens,341040,0,586.0
Chambersburg,PA,39.931433,-77.655642,Exempt — other screens,291250,0,224.0
Chester,PA,39.845558,-75.371882,Exempt — other screens,1234711,0,84.0
Chester County,PA,39.974029,-75.749751,Gains funding,2477719,206175,1761.0
Cumberland County,PA,40.164805,-77.263442,Exempt — other screens,1260456,0,427.0
Dauphin County,PA,40.412565,-76.792634,Exempt — other screens,1406426,0,935.0
Delaware County,PA,39.916685,-75.398818,Exempt — other screens,3604201,0,419.0
Erie,PA,42.116594,-80.073503,Exempt — other screens,2775245,0,304.0
Harrisburg,PA,40.275891,-76.88502,Exempt — other screens,1806820,0,-366.0
Haverford,PA,39.986738,-75.316394,Gains funding,803312,0,-35.0
Hazleton,PA,40.95047,-75.972509,Exempt — other screens,658424,0,-114.0
Johnstown,PA,40.326132,-78.919139,Exempt — recent disaster,1166725,0,-146.0
Lancaster,PA,40.042061,-76.30099,Exempt — other screens,1413647,0,764.0
Lancaster County,PA,40.041992,-76.250198,Exempt — other screens,2820083,0,1361.0
Lebanon,PA,40.341193,-76.422735,Exempt — other screens,695929,0,34.0
Lehigh County,PA,40.614241,-75.590627,Exempt — other screens,1274277,0,508.0
Lower Merion,PA,40.029906,-75.278969,Loses funding,966616,-96662,52.0
Lower Paxton Township,PA,40.317211,-76.802089,Exempt — other screens,261844,0,78.0
Luzerne County,PA,41.173078,-75.976053,Exempt — other screens,3941081,0,735.0
Mckeesport,PA,40.341877,-79.845007,Exempt — other screens,945414,0,-128.0
Millcreek Township,PA,40.437031,-77.930955,Exempt — other screens,234533,0,13.0
Montgomery County,PA,40.209999,-75.370201,Gains funding,3373117,206292,1762.0
Norristown,PA,40.122076,-75.33987,Loses funding,736318,-73632,-475.0
Northampton County,PA,40.752791,-75.307447,Exempt — other screens,2250595,0,592.0
Penn Hills,PA,40.478174,-79.829101,Exempt — other screens,707778,0,-74.0
Philadelphia,PA,40.009376,-75.133346,Exempt — other screens,44267048,0,8545.0
Pittsburgh,PA,40.439936,-79.975676,Exempt — other screens,12852093,0,2241.0
Reading,PA,40.33922,-75.926277,Exempt — other screens,2462848,0,-257.0
Scranton,PA,41.404178,-75.665908,Exempt — other screens,2619353,0,-111.0
Sharon,PA,41.233978,-80.49982,Exempt — other screens,539294,0,-18.0
State College,PA,40.791039,-77.856813,Exempt — other screens,477508,0,113.0
Upper Darby,PA,39.949012,-75.289116,Exempt — other screens,1685303,0,-143.0
Washington County,PA,40.200005,-80.252132,Exempt — other screens,3425458,0,447.0
Westmoreland Co,PA,40.311068,-79.466688,Exempt — other screens,3962299,0,341.0
Wilkes-Barre,PA,41.246561,-75.875689,Exempt — other screens,1400226,0,-212.0
Williamsport,PA,41.240019,-77.035591,Exempt — recent disaster,1002670,0,-30.0
York,PA,39.964798,-76.73184,Exempt — other screens,1347184,0,198.0
York County,PA,39.921751,-76.728889,Exempt — other screens,2263829,0,1051.0
Cranston,RI,41.769734,-71.485049,Exempt — recent disaster,1085975,0,101.0
East Providence,RI,41.800433,-71.359258,Exempt — recent disaster,772761,0,152.0
Pawtucket,RI,41.874824,-71.373323,Exempt — recent disaster,1776064,0,-544.0
Providence,RI,41.823056,-71.418784,Exempt — recent disaster,5227138,0,148.0
Warwick,RI,41.703085,-71.42031,Exempt — recent disaster,948131,0,-242.0
Woonsocket,RI,42.001708,-71.499947,Exempt — recent disaster,1050583,0,-7.0
Aiken,SC,33.531594,-81.725073,Exempt — recent disaster,207674,0,662.0
Anderson,SC,34.521487,-82.643517,Exempt — recent disaster,555496,0,404.0
Berkeley County,SC,33.2077,-79.953655,Exempt — recent disaster,1264084,0,2846.0
Charleston,SC,32.828017,-79.972896,Exempt — recent disaster,934538,0,1591.0
Charleston County,SC,32.800458,-79.94248,Exempt — recent disaster,1761701,0,1885.0
Columbia,SC,34.040519,-80.906099,Exempt — recent disaster,1137467,0,1453.0
Florence,SC,34.178923,-79.792217,Exempt — recent disaster,344189,0,-134.0
Greenville,SC,34.836902,-82.362997,Exempt — recent disaster,678608,0,828.0
Greenville County,SC,34.892645,-82.372077,Exempt — recent disaster,2849153,0,5006.0
Hilton Head Island,SC,32.190307,-80.738434,Exempt — recent disaster,210564,0,-153.0
Horry County,SC,33.909269,-78.976675,Exempt — recent disaster,1892350,0,5288.0
Lexington County,SC,33.892309,-81.272974,Exempt — recent disaster,1850758,0,2035.0
Richland County,SC,34.029095,-80.898037,Exempt — recent disaster,1755995,0,800.0
Rock Hill,SC,34.938216,-81.019177,Exempt — recent disaster,478911,0,321.0
Spartanburg,SC,34.945627,-81.925944,Exempt — recent disaster,637479,0,-128.0
Spartanburg County,SC,34.932014,-81.991624,Exempt — recent disaster,1661440,0,2302.0
Summerville,SC,33.005836,-80.179306,Exempt — recent disaster,286717,0,577.0
Sumter,SC,33.940848,-80.395543,Exempt — recent disaster,333755,0,-3.0
Rapid,SD,44.071071,-103.217924,Exempt — other screens,491823,0,826.0
Sioux Falls,SD,43.540696,-96.731962,Exempt — recent disaster,1096917,0,3150.0
Bristol,TN,36.558549,-82.217001,Exempt — recent disaster,213209,0,111.0
Chattanooga,TN,35.065958,-85.248386,Exempt — recent disaster,1541191,0,832.0
Clarksville,TN,36.56643,-87.345216,Exempt — recent disaster,1149342,0,2710.0
Cleveland,TN,35.180044,-84.871288,Exempt — recent disaster,360274,0,552.0
Franklin,TN,35.914025,-86.852161,Exempt — recent disaster,364925,0,1268.0
Gallatin,TN,36.381524,-86.467021,Exempt — recent disaster,330736,0,1248.0
Jackson,TN,35.65417,-88.835335,Exempt — recent disaster,616212,0,65.0
Johnson,TN,36.342325,-82.380915,Exempt — recent disaster,620977,0,274.0
Kingsport,TN,36.51937,-82.543393,Exempt — recent disaster,457885,0,317.0
Knox County,TN,35.992726,-83.937721,Exempt — recent disaster,1164604,0,2342.0
Knoxville,TN,35.97068,-83.94927,Exempt — recent disaster,1636277,0,1556.0
Memphis,TN,35.109164,-89.968511,Exempt — recent disaster,6037192,0,-2403.0
Morristown,TN,36.204351,-83.300032,Exempt — recent disaster,337032,0,-308.0
Murfreesboro,TN,35.853915,-86.421224,Exempt — recent disaster,1002524,0,1903.0
Nashville-Davidson,TN,36.169129,-86.78479,Exempt — recent disaster,5431624,0,12087.0
Oak Ridge,TN,35.966483,-84.290549,Exempt — recent disaster,211245,0,370.0
Shelby County,TN,35.184553,-89.894612,Exempt — recent disaster,1216018,0,3592.0
Smyrna,TN,35.969019,-86.528617,Exempt — recent disaster,412974,0,288.0
Spring Hill,TN,35.746621,-86.916833,Exempt — recent disaster,186017,0,495.0
Abilene,TX,32.454514,-99.738147,Exempt — recent disaster,912242,0,427.0
Allen,TX,33.109736,-96.673032,Exempt — recent disaster,496598,0,1147.0
Amarillo,TX,35.198064,-101.833107,Exempt — other screens,1603518,0,794.0
Arlington,TX,32.700708,-97.124691,Exempt — other screens,3096788,0,2618.0
Austin,TX,30.298622,-97.754134,Exempt — recent disaster,7321442,0,16643.0
Baytown,TX,29.76478,-94.967457,Exempt — recent disaster,793686,0,260.0
Beaumont,TX,30.084912,-94.14533,Exempt — recent disaster,1352666,0,-3.0
Bexar County,TX,29.448671,-98.520147,Exempt — other screens,3160136,0,3704.0
Brazoria County,TX,29.167817,-95.434647,Exempt — recent disaster,1427334,0,2472.0
Brownsville,TX,25.995689,-97.450848,Exempt — recent disaster,2564396,0,1128.0
Bryan,TX,30.666016,-96.381049,Exempt — recent disaster,919611,0,993.0
Carrollton,TX,32.989386,-96.89994,Exempt — recent disaster,755813,0,808.0
College Station,TX,30.58516,-96.29636,Exempt — recent disaster,1229672,0,764.0
Conroe,TX,30.328717,-95.4846,Exempt — recent disaster,721877,0,2212.0
Corpus Christi,TX,27.754252,-97.173385,Exempt — recent disaster,2646956,0,1298.0
Dallas,TX,32.793333,-96.766513,Exempt — recent disaster,12944689,0,5594.0
Dallas County,TX,32.766987,-96.778424,Exempt — recent disaster,2229181,0,656.0
Denison,TX,33.766936,-96.580667,Exempt — other screens,277743,0,244.0
Denton,TX,33.217449,-97.141346,Exempt — recent disaster,1049336,0,2707.0
Desoto,TX,32.599349,-96.862941,Exempt — recent disaster,271460,0,-303.0
Eagle Pass,TX,28.712803,-100.484812,Exempt — other screens,358487,0,-123.0
Edinburg,TX,26.318285,-98.153449,Exempt — recent disaster,1259616,0,1135.0
El Paso,TX,31.84778,-106.431106,Exempt — other screens,6441184,0,2421.0
Flower Mound Town,TX,33.037891,-97.113381,Exempt — recent disaster,273152,0,310.0
Fort Bend County,TX,29.526602,-95.771015,Exempt — recent disaster,3663792,0,10892.0
Fort Worth,TX,32.781954,-97.348573,Exempt — recent disaster,7116438,0,8719.0
Frisco,TX,33.155427,-96.822596,Exempt — recent disaster,774444,0,2566.0
Galveston,TX,29.186328,-94.965758,Exempt — recent disaster,1155999,0,855.0
Garland,TX,32.909826,-96.630334,Exempt — recent disaster,1983303,0,1262.0
Grand Prairie,TX,32.686108,-97.020804,Exempt — recent disaster,1544048,0,1446.0
Harlingen,TX,26.191204,-97.697383,Exempt — recent disaster,952807,0,108.0
Harris County,TX,29.857273,-95.393037,Exempt — recent disaster,15794784,0,16061.0
Hidalgo County,TX,26.396384,-98.18099,Exempt — recent disaster,7417209,0,2920.0
Houston,TX,29.785743,-95.388806,Exempt — recent disaster,25534560,0,17464.0
Irving,TX,32.857748,-96.970022,Exempt — recent disaster,2225694,0,1200.0
Killeen,TX,31.077669,-97.731952,Exempt — recent disaster,1350070,0,-16.0
Kyle,TX,29.994118,-97.883322,Exempt — recent disaster,277869,0,1993.0
Laredo,TX,27.560379,-99.489181,Exempt — recent disaster,2859543,0,1701.0
League,TX,29.490064,-95.109093,Exempt — recent disaster,451655,0,662.0
Lewisville,TX,33.050725,-96.974623,Exempt — recent disaster,847606,0,1328.0
Longview,TX,32.520234,-94.761114,Exempt — recent disaster,654682,0,353.0
Lubbock,TX,33.561901,-101.888883,Exempt — other screens,2215657,0,2570.0
Marshall,TX,32.539159,-94.353173,Exempt — recent disaster,304234,0,253.0
Mc Allen,TX,26.224966,-98.246083,Exempt — recent disaster,1608590,0,924.0
McKinney,TX,33.201125,-96.664161,Exempt — recent disaster,907326,0,3181.0
Mesquite,TX,32.75955,-96.584164,Exempt — recent disaster,1047108,0,-15.0
Midland,TX,32.024642,-102.113467,Exempt — other screens,973186,0,1147.0
Mission,TX,26.20406,-98.325221,Exempt — recent disaster,992431,0,837.0
Missouri,TX,29.562944,-95.535999,Exempt — recent disaster,300081,0,671.0
Montgomery County,TX,30.298801,-95.50295,Exempt — recent disaster,2925262,0,11780.0
New Braunfels,TX,29.699306,-98.115127,Exempt — recent disaster,454245,0,2703.0
Odessa,TX,31.880461,-102.345314,Exempt — other screens,987543,0,1037.0
Orange,TX,30.123528,-93.754548,Exempt — recent disaster,314115,0,271.0
Pasadena,TX,29.654996,-95.151055,Exempt — recent disaster,1630927,0,-660.0
Pearland,TX,29.555732,-95.323012,Exempt — recent disaster,537831,0,1455.0
Pflugerville,TX,30.447765,-97.602116,Exempt — recent disaster,347221,0,688.0
Pharr,TX,26.163436,-98.19389,Exempt — recent disaster,1201828,0,567.0
Plano,TX,33.050769,-96.747944,Exempt — recent disaster,1616959,0,1246.0
Port Arthur,TX,29.900008,-93.89442,Exempt — recent disaster,1006766,0,214.0
Round Rock,TX,30.526146,-97.663532,Exempt — recent disaster,672184,0,2010.0
Rowlett,TX,32.915926,-96.548587,Exempt — recent disaster,299525,0,1705.0
San Angelo,TX,31.441078,-100.450499,Exempt — other screens,641137,0,299.0
San Antonio,TX,29.462809,-98.524635,Exempt — recent disaster,13395048,0,9688.0
San Benito,TX,26.129398,-97.64405,Exempt — recent disaster,329615,0,500.0
San Marcos,TX,29.87361,-97.936725,Exempt — recent disaster,754405,0,457.0
Sherman,TX,33.628596,-96.626722,Exempt — other screens,294784,0,859.0
Tarrant County,TX,32.772119,-97.291224,Exempt — other screens,4163451,0,3550.0
Temple,TX,31.104936,-97.388512,Exempt — recent disaster,717139,0,2071.0
Texarkana,TX,33.449204,-94.085008,Exempt — recent disaster,382663,0,304.0
Texas,TX,29.433717,-94.892695,Exempt — recent disaster,432691,0,370.0
Travis County,TX,30.239513,-97.69127,Exempt — recent disaster,1787382,0,5947.0
Tyler,TX,32.317258,-95.305886,Exempt — recent disaster,743501,0,558.0
Victoria,TX,28.828528,-96.986015,Exempt — recent disaster,537925,0,557.0
Waco,TX,31.557994,-97.18975,Exempt — other screens,1383840,0,907.0
Wichita Falls,TX,33.906654,-98.525848,Exempt — other screens,1206417,0,-25.0
Williamson County,TX,30.649082,-97.605065,Exempt — recent disaster,2200130,0,8063.0
Clearfield,UT,41.097012,-112.01792,Exempt — other screens,206865,0,344.0
Davis County,UT,41.037559,-112.201943,Loses funding,936639,-93664,2298.0
Eagle Mountain,UT,40.31432,-112.011708,Exempt — recent disaster,239813,0,911.0
Layton,UT,41.077423,-111.960727,Loses funding,392160,-39216,658.0
Lehi,UT,40.41708,-111.871147,Exempt — recent disaster,332739,0,1243.0
Logan,UT,41.740256,-111.841764,Loses funding,558464,-55846,365.0
Ogden,UT,41.228391,-111.968147,Gains funding,1022138,62988,538.0
Orem,UT,40.298065,-111.699445,Exempt — recent disaster,569542,0,808.0
Provo,UT,40.245312,-111.645057,Exempt — recent disaster,1210634,0,-56.0
Salt Lake,UT,40.776928,-111.930991,Gains funding,3250831,453092,3870.0
Salt Lake County,UT,40.667883,-111.92424,Gains funding,2393613,376055,3212.0
Sandy,UT,40.571714,-111.84987,Loses funding,355402,-35540,461.0
South Jordan,UT,40.555007,-111.992337,Gains funding,253648,114034,974.0
St George,UT,37.077006,-113.576534,Exempt — other screens,625751,0,1559.0
Taylorsville,UT,40.656942,-111.94933,Loses funding,352902,-35290,-183.0
Utah County,UT,40.120418,-111.668563,Exempt — recent disaster,1425085,0,6284.0
West Jordan,UT,40.602666,-112.001255,Exempt — other screens,491304,0,420.0
West Valley,UT,40.688493,-112.011759,Gains funding,1047855,86872,742.0
Burlington,VT,44.491927,-73.238882,Exempt — recent disaster,745925,0,-260.0
Alexandria,VA,38.819251,-77.08367,Loses funding,1068416,-106842,274.0
Arlington County,VA,38.878337,-77.100703,Loses funding,1321685,-132168,1224.0
Blacksburg,VA,37.231264,-80.426745,Exempt — recent disaster,546821,0,135.0
Bristol,VA,36.616954,-82.157564,Exempt — recent disaster,273121,0,-13.0
Charlottesville,VA,38.037658,-78.485381,Loses funding,445452,-44545,51.0
Chesapeake,VA,36.679376,-76.301788,Loses funding,1145305,-114530,819.0
Chesterfield County,VA,37.378434,-77.585847,Gains funding,1612176,367274,3137.0
Christiansburg,VA,37.140663,-80.404512,Exempt — recent disaster,155108,0,683.0
Colonial Heights,VA,37.261685,-77.396804,Exempt — other screens,96066,0,-12.0
Danville,VA,36.583334,-79.408071,Exempt — recent disaster,868381,0,67.0
Fairfax County,VA,38.82952,-77.273252,Gains funding,5768750,198447,1695.0
Fredericksburg,VA,38.299272,-77.486658,Loses funding,236645,-23664,111.0
Hampton,VA,37.047961,-76.297293,Exempt — other screens,897498,0,85.0
Harrisonburg,VA,38.436255,-78.873303,Exempt — other screens,512366,0,13.0
Henrico County,VA,37.43752,-77.300333,Gains funding,1619559,228536,1952.0
Hopewell,VA,37.29101,-77.298944,Exempt — other screens,239391,0,14.0
Loudoun County,VA,39.0812,-77.638898,Loses funding,1564518,-156452,2199.0
Lynchburg,VA,37.399016,-79.195458,Exempt — other screens,750979,0,199.0
Newport News,VA,37.076136,-76.52198,Exempt — other screens,1304472,0,202.0
Norfolk,VA,36.923015,-76.244641,Exempt — other screens,4381461,0,982.0
Petersburg,VA,37.20473,-77.392368,Exempt — other screens,585812,0,49.0
Portsmouth,VA,36.859339,-76.356973,Exempt — other screens,1545652,0,85.0
Prince William County,VA,38.701119,-77.479579,Loses funding,2634741,-263474,1596.0
Radford,VA,37.120119,-80.559147,Exempt — recent disaster,166346,0,2.0
Richmond,VA,37.531399,-77.476009,Gains funding,4321483,169178,1445.0
Roanoke,VA,37.278458,-79.958174,Exempt — recent disaster,1805116,0,175.0
Staunton,VA,38.157978,-79.061876,Exempt — other screens,317797,0,45.0
Suffolk,VA,36.697157,-76.634781,Loses funding,516501,-51650,848.0
Virginia Beach,VA,36.779525,-76.029142,Loses funding,2116284,-211628,560.0
Waynesboro,VA,38.067157,-78.90142,Exempt — other screens,163791,0,115.0
Winchester,VA,39.173869,-78.176356,Gains funding,249133,8547,73.0
Anacortes,WA,48.488725,-122.62398,Exempt — recent disaster,108427,0,203.0
Auburn,WA,47.303773,-122.21,Exempt — recent disaster,584178,0,-296.0
Bellevue,WA,47.597837,-122.15648,Exempt — recent disaster,879477,0,485.0
Bellingham,WA,48.753442,-122.470179,Loses funding,795516,-79552,324.0
Bremerton,WA,47.539877,-122.717048,Loses funding,381073,-38107,849.0
Clark County,WA,45.77173,-122.485953,Exempt — recent disaster,1591236,0,1290.0
Everett,WA,47.965413,-122.189895,Exempt — recent disaster,869124,0,190.0
Federal Way,WA,47.311596,-122.337757,Exempt — recent disaster,788336,0,-772.0
Kennewick,WA,46.197622,-119.175923,Loses funding,629426,-62943,429.0
Kent,WA,47.38797,-122.212727,Exempt — recent disaster,1059334,0,719.0
King County,WA,47.490552,-121.833977,Exempt — recent disaster,5616834,0,4277.0
Kitsap County,WA,47.639687,-122.649636,Loses funding,1093594,-109359,792.0
Lacey,WA,47.043087,-122.798232,Gains funding,348393,53036,453.0
Lakewood,WA,47.164092,-122.528106,Exempt — other screens,482320,0,581.0
Longview,WA,46.145707,-122.964299,Exempt — recent disaster,270235,0,-129.0
Marysville,WA,48.080214,-122.154312,Exempt — recent disaster,406499,0,20.0
Mount Vernon,WA,48.417071,-122.311832,Exempt — recent disaster,377614,0,71.0
Olympia,WA,47.040604,-122.895,Gains funding,341583,42499,363.0
Pasco,WA,46.266113,-119.121426,Loses funding,650672,-65067,698.0
Pierce County,WA,47.051413,-122.15324,Loses funding,3207750,-320775,2268.0
Richland,WA,46.28698,-119.294045,Loses funding,291463,-29146,603.0
Seattle,WA,47.619335,-122.351538,Exempt — recent disaster,8917476,0,10985.0
Snohomish County,WA,48.054913,-121.765038,Exempt — recent disaster,3309657,0,3187.0
Spokane,WA,47.666935,-117.433322,Exempt — recent disaster,3017244,0,772.0
Spokane County,WA,47.620375,-117.403371,Exempt — recent disaster,1803488,0,2277.0
Tacoma,WA,47.252199,-122.459832,Loses funding,2370358,-237036,1147.0
Thurston County,WA,46.935822,-122.830152,Loses funding,919511,-91951,1467.0
Vancouver,WA,45.637156,-122.596567,Exempt — recent disaster,1407808,0,1971.0
Walla Walla,WA,46.067006,-118.337033,Exempt — other screens,408743,0,-91.0
Wenatchee,WA,47.435985,-120.329266,Loses funding,234918,-23492,124.0
Yakima,WA,46.590938,-120.5494,Exempt — other screens,1023311,0,139.0
Beckley,WV,37.773148,-81.16155,Exempt — recent disaster,289846,0,-194.0
Charleston,WV,38.348692,-81.632324,Exempt — recent disaster,1501940,0,-42.0
Huntington,WV,38.410651,-82.434689,Exempt — recent disaster,1596831,0,-275.0
Martinsburg,WV,39.457769,-77.978212,Exempt — other screens,310180,0,71.0
Morgantown,WV,39.637487,-79.946856,Exempt — other screens,470309,0,-300.0
Parkersburg,WV,39.261278,-81.54335,Exempt — recent disaster,858894,0,2.0
Vienna,WV,39.322849,-81.529805,Exempt — recent disaster,94632,0,132.0
Weirton,WV,40.406331,-80.56558,Exempt — recent disaster,392897,0,159.0
Wheeling,WV,40.073753,-80.696027,Exempt — recent disaster,1131704,0,9.0
Appleton,WI,44.278873,-88.388284,Exempt — other screens,575860,0,222.0
Beloit,WI,42.523506,-89.01766,Exempt — other screens,524164,0,-9.0
Dane County,WI,43.067468,-89.417852,Loses funding,1088902,-108890,6181.0
Eau Claire,WI,44.818343,-91.494769,Exempt — other screens,556399,0,1102.0
Fond Du Lac,WI,43.772182,-88.440264,Exempt — other screens,572864,0,268.0
Green Bay,WI,44.521542,-87.986568,Exempt — other screens,938354,0,-96.0
Janesville,WI,42.684698,-89.01317,Exempt — other screens,445415,0,159.0
Kenosha,WI,42.587526,-87.879996,Exempt — other screens,1021655,0,508.0
La Crosse,WI,43.824685,-91.224616,Exempt — other screens,882603,0,130.0
Madison,WI,43.087815,-89.429856,Gains funding,2045072,314004,2682.0
Milwaukee,WI,43.063348,-87.966695,Exempt — other screens,15266737,0,1128.0
Milwaukee County,WI,42.912643,-87.862312,Exempt — other screens,1799375,0,2877.0
Neenah,WI,44.164925,-88.479628,Exempt — other screens,193278,0,142.0
Oshkosh,WI,44.023168,-88.56226,Exempt — other screens,822816,0,267.0
Racine,WI,42.725569,-87.814224,Exempt — other screens,1743518,0,806.0
Sheboygan,WI,43.738713,-87.731531,Exempt — other screens,910675,0,115.0
Superior,WI,46.692119,-92.080356,Exempt — other screens,666237,0,267.0
Waukesha County,WI,43.018368,-88.30424,Gains funding,1442980,236966,2024.0
Wausau,WI,44.961766,-89.646538,Exempt — other screens,578864,0,-56.0
Wauwatosa,WI,43.063165,-88.035583,Gains funding,988733,64627,552.0
West Allis,WI,43.007186,-88.028986,Exempt — other screens,1180732,0,453.0
Cheyenne,WY,41.128702,-104.790778,Loses funding,416112,-41611,109.0
Aguadilla Municipio,PR,18.480191,-67.143762,Exempt — recent disaster,905373,0,1011.0
Arecibo Municipio,PR,18.434004,-66.674994,Exempt — recent disaster,1309919,0,1822.0
Bayamon Municipio,PR,18.34942,-66.168626,Exempt — recent disaster,2244635,0,3309.0
Cabo Rojo Municipio,PR,17.997138,-67.180862,Exempt — recent disaster,717729,0,483.0
Caguas Municipio,PR,18.211109,-66.050964,Exempt — recent disaster,1686988,0,2469.0
Canovanas Municipio,PR,18.330044,-65.886021,Exempt — recent disaster,631437,0,752.0
Carolina Municipio,PR,18.396776,-65.968778,Exempt — recent disaster,1881384,0,2926.0
Cayey Municipio,PR,18.103624,-66.151667,Exempt — recent disaster,565543,0,698.0
Cidra Municipio,PR,18.174391,-66.161618,Exempt — recent disaster,548514,0,609.0
Fajardo Municipio,PR,18.386378,-65.588454,Exempt — recent disaster,486517,0,665.0
Guayama Municipio,PR,17.973929,-66.137467,Exempt — recent disaster,341844,0,756.0
Guaynabo Municipio,PR,18.344357,-66.114056,Exempt — recent disaster,881466,0,1373.0
Humacao Municipio,PR,18.135403,-65.786229,Exempt — recent disaster,710340,0,1133.0
Isabela Municipio,PR,18.483998,-67.013978,Exempt — recent disaster,681763,0,1194.0
Juana Diaz Municipio,PR,17.997974,-66.490496,Exempt — recent disaster,729473,0,903.0
Manati Municipio,PR,18.444803,-66.493137,Exempt — recent disaster,674562,0,724.0
Mayaguez Municipio,PR,18.08385,-67.886337,Exempt — recent disaster,1316963,0,1411.0
Ponce Municipio,PR,18.001717,-66.606662,Exempt — recent disaster,2362953,0,2797.0
Rio Grande Municipio,PR,18.376369,-65.798434,Exempt — recent disaster,637034,0,594.0
San German Municipio,PR,18.1078,-67.037263,Exempt — recent disaster,541078,0,447.0
San Juan Municipio,PR,18.422249,-66.069081,Exempt — recent disaster,7031753,0,8015.0
San Sebastian Municipio,PR,18.331064,-66.969064,Exempt — recent disaster,694475,0,660.0
Toa Alta Municipio,PR,18.364556,-66.244669,Exempt — recent disaster,813782,0,1053.0
Toa Baja Municipio,PR,18.45691,-66.193193,Exempt — recent disaster,1004618,0,1352.0
Trujillo Alto Municipio,PR,18.335387,-66.003787,Exempt — recent disaster,779368,0,824.0
Vega Baja Municipio,PR,18.455128,-66.397883,Exempt — recent disaster,900819,0,1243.0
Yauco Municipio,PR,18.085669,-66.857901,Exempt — recent disaster,511111,0,188.0
